"Name","Team","G","PA","AB","H","2B","3B","HR","R","RBI","BB","SO","SB","CS","AVG","OBP","SLG","OPS","wOBA","ADP","playerid"
"Mike Trout","Angels","152","656","521","160","31","4","44","118","109","119","133","21","6",".306",".440",".632","1.073",".443","1.1","10155"
"J.D. Martinez","Red Sox","151","656","580","176","35","2","44","106","121","67","160","4","1",".304",".377",".598",".976",".407","5.4","6184"
"Mookie Betts","Red Sox","157","685","598","182","42","4","32","112","102","77","89","26","6",".305",".386",".549",".935",".395","2.0","13611"
"Nolan Arenado","Rockies","151","654","579","169","38","4","39","96","111","65","112","3","1",".291",".362",".574",".936",".391","7.5","9777"
"Bryce Harper","Phillies","144","627","511","135","28","2","35","93","95","108","151","10","4",".264",".394",".528",".922",".389","19.4","11579"
"Aaron Judge","Yankees","149","648","542","143","26","2","39","102","99","96","196","7","2",".263",".378",".535",".913",".387","16.2","15640"
"Freddie Freeman","Braves","152","663","572","172","39","4","28","95","97","77","131","9","3",".300",".388",".528",".916",".387","21.4","5361"
"Juan Soto","Nationals","147","645","550","161","31","3","29","94","96","88","122","7","2",".292",".390",".518",".908",".385","34.9","20123"
"Joey Votto","Reds","151","658","535","154","32","3","22","92","82","110","111","4","1",".288",".412",".479",".891",".384","66.1","4314"
"Christian Yelich","Brewers","151","653","571","169","33","3","28","98","85","74","136","13","4",".296",".380",".514",".894",".382","7.4","11477"
"Jose Ramirez","Indians","151","651","567","166","37","4","31","98","99","73","73","22","6",".292",".373",".536",".909",".382","3.9","13510"
"Paul Goldschmidt","Cardinals","152","662","557","156","30","2","32","98","91","94","157","13","4",".279",".386",".512",".899",".381","18.5","9218"
"Anthony Rizzo","Cubs","151","659","558","158","35","3","29","93","92","75","89","8","3",".284",".384",".511",".895",".380","36.4","3473"
"Giancarlo Stanton","Yankees","141","612","534","141","25","1","42","93","102","69","171","3","1",".265",".354",".551",".905",".380","22.0","4949"
"Alex Bregman","Astros","151","655","568","162","38","3","29","98","93","74","86","11","3",".285",".373",".517",".890",".379","13.4","17678"
"Kris Bryant","Cubs","151","659","563","154","34","3","31","94","93","78","153","7","2",".274",".373",".509",".882",".376","32.8","15429"
"Justin Turner","Dodgers","149","654","566","166","40","2","24","89","87","67","94","4","1",".294",".380",".496",".876",".376","109.7","5235"
"Nelson Cruz","Twins","146","622","553","153","29","2","37","89","97","56","132","2","0",".278",".350",".537",".887",".374","96.5","2434"
"Charlie Blackmon","Rockies","146","633","562","163","32","7","27","94","87","55","121","13","4",".291",".363",".516",".879",".374","27.6","7859"
"Anthony Rendon","Nationals","149","652","570","165","39","2","27","89","96","69","99","6","2",".289",".369",".508",".876",".373","43.9","12861"
"Josh Donaldson","Braves","130","565","480","126","25","2","29","82","82","75","126","5","1",".262",".366",".506",".872",".373","101.3","5038"
"Matt Carpenter","Cardinals","144","627","521","133","33","3","29","87","85","94","145","4","2",".256",".374",".496",".870",".370","74.4","8090"
"Jose Altuve","Astros","149","648","580","182","34","3","19","95","83","54","80","23","5",".314",".377",".483",".860",".368","13.4","5417"
"Manny Machado","Padres","149","641","576","165","33","2","34","86","98","56","98","8","3",".287",".350",".527",".877",".368","17.7","11493"
"Francisco Lindor","Indians","141","609","543","157","32","3","28","87","90","55","88","16","5",".290",".356",".512",".869",".368","13.5","12916"
"Daniel Murphy","Rockies","143","619","564","172","43","5","21","82","89","45","76","4","1",".304",".356",".511",".868",".367","68.4","4316"
"Joey Gallo","Rangers","141","603","516","117","24","3","43","90","106","79","216","6","1",".226",".334",".535",".870",".366","102.5","14128"
"Rhys Hoskins","Phillies","151","656","563","141","30","2","37","90","100","78","156","5","1",".250",".348",".509",".857",".365","40.7","16472"
"Khris Davis","Athletics","152","648","571","143","28","2","44","91","106","64","176","2","1",".250",".332",".534",".866",".365","44.0","9112"
"Trevor Story","Rockies","149","647","582","156","39","4","35","97","99","54","188","18","3",".267",".334",".531",".865",".364","17.5","12564"
"George Springer","Astros","149","648","562","154","28","2","28","94","88","70","129","9","3",".274",".363",".480",".843",".364","65.7","12856"
"Eugenio Suarez","Reds","146","637","558","148","29","2","34","88","97","67","153","4","1",".265",".350",".504",".854",".363","55.0","12552"
"Andrew McCutchen","Phillies","138","599","512","135","27","2","27","83","80","76","134","11","3",".264",".364",".481",".845",".363","142.1","9847"
"Vladimir Guerrero Jr.","Blue Jays","138","581","518","154","34","1","20","76","72","53","76","6","2",".297",".366",".484",".850",".361","40.2","sa920245"
"Carlos Correa","Astros","149","648","570","159","34","2","27","91","91","69","136","6","1",".279",".358",".487",".845",".361","49.9","14162"
"Corey Seager","Dodgers","147","647","573","161","39","2","24","86","87","64","132","3","1",".281",".357",".484",".841",".359","84.3","13624"
"Andrew Benintendi","Red Sox","149","649","568","162","39","5","18","94","79","71","101","18","4",".286",".367",".469",".835",".359","29.0","17901"
"Jose Abreu","White Sox","146","613","554","159","32","2","27","77","85","41","118","3","1",".286",".347",".497",".844",".358","85.7","15676"
"Miguel Cabrera","Tigers","151","636","554","157","33","2","22","79","81","73","121","2","1",".284",".368",".471",".839",".358","165.3","1744"
"Yasiel Puig","Reds","138","601","537","143","28","3","31","87","87","55","124","12","4",".267",".340",".503",".843",".358","73.9","14225"
"Ronald Acuna Jr.","Braves","151","656","588","160","31","4","31","97","89","57","169","23","5",".272",".341",".496",".838",".357","9.1","18401"
"Jung Ho Kang","Pirates","57","184","162","43","9","0","9","24","27","17","43","2","0",".263",".345",".487",".832",".356","510.7","17182"
"Xander Bogaerts","Red Sox","149","649","582","168","34","2","23","90","87","56","114","9","2",".289",".355",".475",".830",".356","48.3","12161"
"Travis Shaw","Brewers","147","639","558","142","29","2","34","85","92","70","134","5","1",".255",".341",".496",".837",".355","98.8","11982"
"Max Muncy","Dodgers","139","570","482","116","23","1","29","78","82","79","150","4","1",".241",".351",".478",".829",".355","114.2","13301"
"Shohei Ohtani","Angels","122","523","462","119","27","2","27","75","74","54","157","8","2",".258",".337",".497",".835",".355","184.4","19755"
"Shohei Ohtani","Angels","122","523","462","119","27","2","27","75","74","54","157","8","2",".258",".337",".497",".835",".355","184.4","19755"
"Cody Bellinger","Dodgers","146","640","559","142","31","3","33","89","93","72","161","10","2",".255",".342",".498",".839",".354","46.0","15998"
"Marcell Ozuna","Cardinals","146","634","576","162","28","3","29","83","89","50","121","2","1",".282",".340",".491",".832",".354","78.0","10324"
"Joc Pederson","Dodgers","117","410","351","86","19","1","21","57","57","50","92","5","2",".244",".345",".482",".827",".354","368.1","11899"
"Michael Conforto","Mets","152","652","561","141","30","2","31","84","89","79","164","4","1",".252",".350",".478",".828",".354","108.1","16376"
"Gary Sanchez","Yankees","138","553","491","124","24","1","32","77","82","52","131","3","1",".253",".331",".498",".829",".353","56.9","11442"
"Steve Pearce","Red Sox","79","346","305","82","18","1","14","47","48","33","63","2","1",".268",".347",".474",".821",".353","548.6","9957"
"Shin-Soo Choo","Rangers","147","631","534","140","28","2","20","84","70","81","141","8","3",".263",".369",".436",".805",".352","285.4","3174"
"Kyle Schwarber","Cubs","133","581","495","119","22","2","31","79","86","77","167","4","2",".240",".347",".484",".831",".352","213.7","16478"
"Jesus Aguilar","Brewers","146","632","560","142","29","1","36","83","96","59","164","1","0",".253",".329",".501",".831",".352","79.9","11342"
"Aaron Hicks","Yankees","146","633","540","138","26","3","26","89","76","84","121","10","3",".254",".355",".457",".813",".351","119.8","5297"
"Miguel Sano","Twins","138","588","507","122","27","1","31","80","85","72","201","1","0",".241",".338",".486",".824",".351","213.6","12164"
"Edwin Encarnacion","Mariners","133","565","486","116","20","1","32","73","84","69","130","3","1",".240",".338",".482",".820",".350","130.9","2151"
"Nicholas Castellanos","Tigers","149","629","570","158","38","4","24","79","84","49","137","3","1",".278",".337",".487",".824",".350","95.4","11737"
"Carlos Santana","Indians","146","630","527","132","29","2","23","82","79","94","90","4","1",".250",".365",".444",".808",".350","202.6","2396"
"Tommy Pham","Rays","134","574","498","131","22","4","22","79","68","66","149","17","4",".263",".355",".453",".808",".350","56.2","2967"
"David Peralta","Diamondbacks","147","632","570","158","29","6","23","82","81","53","121","5","1",".277",".343",".475",".818",".350","139.6","2136"
"Justin Upton","Angels","146","628","549","137","26","1","33","87","88","68","180","9","2",".249",".336",".481",".816",".349","98.4","5222"
"Mike Moustakas","Brewers","141","611","552","143","28","1","34","78","91","48","102","3","1",".260",".324",".502",".825",".349","146.7","4892"
"Matt Adams","Nationals","89","248","224","58","12","1","14","32","41","20","59","1","0",".260",".323",".504",".826",".349","550.5","9393"
"A.J. Pollock","Dodgers","138","604","543","145","33","3","26","85","81","50","115","17","4",".268",".334",".483",".817",".349","113.6","9256"
"Justin Bour","Angels","94","404","352","89","15","1","21","53","57","47","94","1","0",".251",".342",".477",".819",".348","427.3","9744"
"C.J. Cron","Twins","109","463","419","111","24","1","23","62","64","32","106","4","1",".264",".327",".489",".815",".348","259.2","12546"
"Brandon Belt","Giants","146","624","536","138","34","4","21","78","76","77","147","4","1",".256",".354",".453",".807",".347","416.5","10264"
"Michael Brantley","Astros","138","598","535","155","33","2","16","80","73","52","69","11","3",".291",".355",".450",".805",".347","118.9","4106"
"Asdrubal Cabrera","Rangers","138","590","534","147","34","2","24","74","80","45","109","3","1",".275",".334",".479",".813",".347","228.6","4962"
"Nomar Mazara","Rangers","149","638","571","155","31","3","26","80","85","56","128","2","1",".272",".340",".469",".809",".346","158.5","14553"
"Mitch Haniger","Mariners","149","634","558","145","31","3","26","80","83","61","142","7","2",".261",".341",".464",".805",".345","95.3","14274"
"Justin Smoak","Blue Jays","149","629","543","133","28","1","30","81","81","77","158","2","0",".245",".340",".464",".804",".345","231.4","9054"
"Yoenis Cespedes","Mets","24","84","76","19","4","0","5","11","12","7","20","1","0",".256",".321",".497",".818",".345","522.5","13110"
"Didi Gregorius","Yankees","68","296","268","75","14","1","13","39","39","20","38","4","1",".278",".332",".480",".811",".345","394.3","6012"
"Scooter Gennett","Reds","143","623","571","160","31","3","26","81","86","42","131","5","1",".279",".331",".480",".811",".345","91.5","10339"
"J.T. Realmuto","Phillies","138","548","497","135","27","3","23","71","75","39","112","6","1",".272",".330",".478",".808",".345","49.0","11739"
"Ryan Braun","Brewers","130","562","505","137","28","3","23","77","72","47","111","14","3",".271",".335",".476",".811",".345","201.1","3410"
"Jesse Winker","Reds","130","566","489","133","29","2","16","70","67","67","96","3","1",".271",".362",".433",".795",".344","193.4","13590"
"Robinson Cano","Mets","146","625","564","157","34","1","23","73","82","52","93","1","0",".278",".341",".467",".808",".344","127.0","3269"
"Victor Robles","Nationals","144","610","542","151","32","5","17","84","68","43","116","25","6",".279",".348",".450",".798",".344","97.4","18363"
"Hanley Ramirez","Indians","11","49","44","12","2","0","2","6","7","4","10","1","0",".267",".339",".464",".803",".344","592.1","8001"
"Lorenzo Cain","Brewers","146","632","561","161","31","4","14","84","64","60","106","21","4",".287",".361",".428",".789",".344","60.8","9077"
"Buster Posey","Giants","138","542","478","140","27","2","11","63","62","54","67","4","2",".292",".366",".429",".794",".343","145.0","9166"
"Eric Thames","Brewers","86","232","201","47","10","1","12","31","32","27","72","3","1",".235",".331",".475",".805",".343","476.4","3711"
"Javier Baez","Cubs","147","645","597","161","32","3","33","89","95","34","171","15","4",".270",".315",".501",".816",".343","16.6","12979"
"Rafael Devers","Red Sox","130","565","515","139","33","2","24","76","81","43","130","6","2",".270",".328",".480",".808",".343","148.5","17350"
"Yasmani Grandal","Brewers","122","481","412","96","19","1","24","63","63","62","126","2","1",".234",".336",".458",".794",".342","127.1","11368"
"David Dahl","Rockies","138","598","546","145","33","6","25","82","81","44","156","11","3",".266",".322",".486",".807",".342","72.4","13744"
"Gleyber Torres","Yankees","146","633","568","151","29","3","26","86","80","55","158","10","3",".267",".335",".463",".798",".342","66.0","16997"
"Ryan Zimmerman","Nationals","130","547","493","130","28","2","24","70","79","46","116","2","1",".264",".328",".472",".800",".342","364.8","4220"
"Adam Eaton","Nationals","143","624","542","152","28","5","11","82","61","62","108","11","3",".280",".365",".413",".778",".342","203.1","11205"
"Tyler White","Astros","133","577","511","132","28","2","24","76","79","55","119","4","1",".258",".335",".459",".795",".342","255.6","15564"
"Wil Myers","Padres","131","564","499","127","27","2","24","77","71","57","147","16","4",".254",".334",".463",".796",".342","108.0","10047"
"Starling Marte","Pirates","149","641","584","164","29","4","21","90","75","38","127","38","7",".281",".339",".454",".793",".341","36.1","9241"
"Matt Olson","Athletics","151","642","556","131","32","1","31","82","87","75","171","2","1",".235",".330",".467",".798",".341","112.6","14344"
"Matt Kemp","Reds","68","156","143","38","8","0","7","20","23","11","38","0","0",".268",".320",".485",".805",".341","311.3","5631"
"Chris Iannetta","Rockies","81","321","274","67","15","1","12","41","40","40","82","1","0",".244",".347",".440",".787",".341","432.7","8267"
"Brian Dozier","Nationals","130","567","497","121","27","2","26","76","80","60","122","10","3",".244",".330",".466",".796",".341","140.6","9810"
"Eric Hosmer","Padres","151","648","579","161","28","2","21","80","77","62","119","7","2",".278",".349",".442",".791",".341","177.6","3516"
"Jose Martinez","Cardinals","126","469","422","119","23","1","14","58","56","40","87","3","1",".283",".346",".443",".789",".341","229.6","7996"
"Josh Bell","Pirates","143","613","536","142","29","4","19","75","75","70","116","5","2",".265",".350",".439",".790",".340","266.7","13145"
"Greg Bird","Yankees","42","183","159","38","10","0","8","24","25","21","46","0","0",".239",".332",".463",".795",".340","520.5","14131"
"Miguel Andujar","Yankees","141","612","571","159","36","2","25","79","83","32","102","4","1",".279",".321",".478",".799",".340","81.9","15878"
"Luke Voit","Yankees","115","500","446","116","22","2","21","65","65","44","120","1","0",".260",".333",".458",".791",".340","190.4","14811"
"Eddie Rosario","Twins","149","636","588","162","33","5","26","84","83","39","115","10","3",".276",".320",".481",".801",".339","88.3","12155"
"Corey Dickerson","Pirates","138","592","549","154","34","5","21","72","82","35","115","6","2",".280",".324",".476",".800",".339","202.4","10762"
"Trea Turner","Nationals","149","652","590","165","30","5","19","93","74","53","126","36","7",".280",".342",".444",".785",".339","7.6","16252"
"Jake Lamb","Diamondbacks","138","591","511","125","28","4","23","74","75","71","152","6","2",".244",".339",".452",".791",".339","271.2","13329"
"Hunter Renfroe","Padres","96","311","286","72","16","1","17","39","48","20","79","2","0",".252",".306",".497",".802",".338","200.0","15464"
"Ozzie Albies","Braves","151","656","600","166","35","6","21","86","81","44","117","16","4",".277",".329",".461",".791",".338","58.5","16556"
"Wilmer Flores","Diamondbacks","143","600","550","152","35","3","21","69","80","39","71","2","1",".277",".326",".465",".791",".337","405.5","5827"
"Matt Chapman","Athletics","151","642","568","137","34","4","29","83","83","63","171","4","1",".240",".322",".467",".788",".337","112.6","16505"
"Francisco Cervelli","Pirates","117","460","394","102","17","3","13","57","49","52","104","5","1",".259",".356",".411",".767",".337","267.3","5275"
"Rougned Odor","Rangers","147","631","573","147","29","5","29","86","83","43","141","18","5",".256",".316",".476",".792",".337","133.9","12282"
"Derek Dietrich","Reds","39","129","114","29","6","1","5","16","16","9","32","0","0",".253",".335",".444",".779",".337","561.2","10542"
"Kurt Suzuki","Nationals","78","311","281","76","16","1","11","37","43","20","41","1","0",".271",".329",".455",".784",".336","330.8","8259"
"Gregory Polanco","Pirates","89","383","340","86","19","2","15","48","51","38","79","7","2",".254",".329",".457",".787",".336","255.2","12907"
"Eloy Jimenez","White Sox","133","559","515","142","31","1","21","65","73","37","116","4","1",".275",".325",".464",".789",".335","118.5","sa830373"
"Stephen Piscotty","Athletics","149","635","565","145","34","2","24","78","77","56","127","4","1",".256",".330",".448",".779",".335","156.7","13367"
"Jake Bauers","Indians","143","616","537","137","34","2","19","80","73","67","133","13","4",".255",".341",".433",".774",".335","237.3","15194"
"Avisail Garcia","Rays","65","277","252","68","10","1","11","34","37","19","67","2","1",".270",".328",".453",".781",".335","388.9","5760"
"Jorge Soler","Royals","134","563","490","119","27","1","22","66","72","63","158","3","1",".242",".334",".439",".773",".335","380.0","14221"
"Salvador Perez","Royals","89","344","320","84","17","1","18","39","53","16","66","1","0",".262",".303",".487",".790",".334","193.8","7304"
"Brandon Nimmo","Mets","141","604","512","123","25","4","18","75","59","78","164","7","2",".241",".352",".408",".760",".334","173.6","12927"
"Max Kepler","Twins","143","609","534","133","32","4","21","78","71","64","104","7","2",".249",".333",".443",".776",".334","243.1","12144"
"Troy Tulowitzki","Yankees","73","317","284","74","13","0","13","40","41","27","63","1","0",".259",".327",".449",".776",".333","491.2","3531"
"Tyler Flowers","Braves","97","370","323","80","16","1","13","45","46","35","100","1","0",".249",".337",".426",".764",".333","465.2","9134"
"Scott Schebler","Reds","102","365","324","79","16","2","16","48","49","30","88","4","1",".243",".321",".456",".777",".333","411.0","12225"
"Steven Souza Jr.","Diamondbacks","130","556","483","116","25","3","21","71","65","63","159","10","2",".241",".333",".433",".767",".333","307.4","5667"
"Marwin Gonzalez","Twins","117","498","445","118","25","2","16","63","57","43","104","6","2",".265",".334",".438",".772",".332","243.9","5497"
"Odubel Herrera","Phillies","105","458","416","113","20","3","15","57","55","34","99","7","2",".271",".331",".442",".773",".332","251.8","11476"
"Willson Contreras","Cubs","122","486","429","111","23","2","15","61","55","46","108","5","2",".259",".338",".427",".765",".332","137.4","11609"
"DJ LeMahieu","Yankees","131","570","513","147","23","3","12","74","58","48","86","9","3",".287",".349",".413",".762",".332","255.6","9874"
"Daniel Descalso","Cubs","79","266","227","54","12","1","9","33","30","35","65","1","0",".239",".343",".419",".762",".332","596.3","8392"
"Jonathan Schoop","Twins","113","484","450","120","25","1","21","60","65","24","103","2","1",".267",".311",".466",".777",".332","185.9","11265"
"Luis Urias","Padres","133","551","484","133","25","3","10","66","51","51","103","7","2",".275",".353",".403",".755",".331","419.1","16622"
"Jason Kipnis","Indians","143","616","546","140","34","3","19","77","75","57","122","8","2",".257",".331",".437",".767",".331","449.3","9776"
"Jed Lowrie","Mets","152","593","521","133","31","2","19","66","69","64","113","1","0",".255",".337",".428",".764",".331","303.6","4418"
"Enrique Hernandez","Dodgers","104","414","365","89","19","2","17","51","53","43","81","2","1",".244",".325",".445",".770",".331","320.6","10472"
"Tyler O'Neill","Cardinals","32","101","91","22","4","0","5","13","15","8","33","1","0",".238",".307",".470",".778",".330","397.4","15711"
"Ben Zobrist","Cubs","120","423","370","97","23","2","9","51","45","47","59","3","1",".263",".346",".413",".758",".330","486.8","7435"
"Mitch Moreland","Red Sox","81","353","312","78","19","1","13","45","46","34","77","1","0",".250",".329",".439",".767",".330","528.9","3086"
"Randal Grichuk","Blue Jays","126","533","489","116","28","3","29","69","75","36","155","5","1",".238",".295",".485",".780",".330","246.6","10243"
"Howie Kendrick","Nationals","62","168","154","43","9","1","4","21","20","12","33","3","1",".282",".336",".427",".763",".330","598.6","4229"
"Franmil Reyes","Padres","130","557","502","125","25","2","25","66","76","49","154","1","1",".249",".317",".456",".773",".329","233.2","14566"
"Ji-Man Choi","Rays","97","415","361","87","21","1","15","49","50","47","106","3","1",".241",".333",".428",".761",".329","541.3","5452"
"Yadier Molina","Cardinals","130","498","457","126","26","2","16","60","61","31","71","6","2",".275",".324",".441",".765",".328","146.2","7007"
"Austin Meadows","Rays","126","539","493","131","31","3","17","66","65","38","104","14","3",".265",".319",".449",".768",".328","190.4","15672"
"Logan Morrison","","113","490","426","98","18","2","22","59","64","55","109","2","1",".231",".325",".438",".763",".328","597.7","9205"
"Trey Mancini","Orioles","144","601","550","145","27","3","23","68","72","42","146","1","1",".263",".319",".444",".763",".328","247.4","15149"
"Paul DeJong","Cardinals","139","606","553","138","31","2","27","73","83","40","165","2","1",".250",".308",".459",".768",".328","185.2","18015"
"Jurickson Profar","Athletics","143","607","535","137","31","4","16","74","63","58","92","8","2",".256",".336",".419",".754",".327","125.1","10815"
"Jeff McNeil","Mets","99","304","275","75","15","2","7","35","32","21","45","5","1",".274",".334",".423",".757",".327","351.0","15362"
"Eduardo Escobar","Diamondbacks","144","618","559","143","34","6","21","72","78","49","124","5","1",".257",".319",".450",".769",".327","181.9","6153"
"Whit Merrifield","Royals","147","617","562","155","37","3","13","75","66","44","99","27","6",".276",".332",".425",".757",".327","30.8","11281"
"Daniel Robertson","Rays","87","373","324","82","16","1","10","43","40","38","86","3","1",".252",".343",".400",".744",".327","560.2","14145"
"Dustin Pedroia","Red Sox","128","557","497","139","29","1","10","68","61","53","74","4","2",".279",".348",".401",".749",".327","557.3","8370"
"Jordan Luplow","Indians","113","490","434","109","26","2","16","60","61","48","103","6","2",".251",".329",".430",".759",".326","595.9","16424"
"Adam Frazier","Pirates","146","607","544","150","30","4","11","72","62","50","92","11","4",".277",".342",".407",".749",".326","394.6","15223"
"Matt Holliday","","49","210","183","45","10","1","7","25","24","21","48","1","0",".244",".333",".417",".749",".326","999.0","1873"
"Jorge Polanco","Twins","143","609","549","149","33","4","15","77","62","48","102","14","4",".271",".330",".425",".755",".326","227.4","13152"
"Christin Stewart","Tigers","97","410","358","83","17","3","16","49","49","44","107","2","1",".232",".324",".427",".751",".325","390.1","17714"
"Chris Taylor","Dodgers","131","576","514","130","29","4","17","74","63","53","157","11","3",".252",".327",".422",".749",".325","232.6","13757"
"Yonder Alonso","White Sox","138","579","512","126","23","1","23","65","70","59","124","2","1",".245",".325",".429",".753",".325","330.2","2530"
"Ian Desmond","Rockies","130","522","472","123","23","3","17","70","59","41","131","16","4",".260",".324",".428",".752",".325","144.1","6885"
"Kyle Seager","Mariners","146","620","555","136","30","2","25","69","83","54","124","3","1",".245",".316",".445",".761",".325","270.2","9785"
"Nick Markakis","Braves","146","635","563","156","33","2","11","70","68","63","86","1","0",".277",".351",".397",".749",".325","345.1","5930"
"Ian Happ","Cubs","131","453","393","90","19","2","19","58","57","54","151","7","2",".230",".326",".433",".758",".325","270.7","17919"
"Zack Cozart","Angels","146","628","560","141","29","3","22","77","74","54","104","4","1",".251",".322",".431",".753",".325","516.4","2616"
"Maikel Franco","Phillies","146","594","547","140","27","1","27","68","84","39","92","2","0",".256",".307",".459",".767",".325","305.2","12179"
"Kendrys Morales","Blue Jays","146","615","551","136","27","1","26","73","77","54","132","3","1",".246",".317",".441",".758",".325","514.2","8610"
"Jedd Gyorko","Cardinals","78","258","229","56","10","1","10","31","32","24","55","2","0",".246",".321",".430",".752",".325","580.8","10816"
"Dexter Fowler","Cardinals","100","356","306","73","15","3","10","44","37","44","82","5","2",".239",".339",".404",".743",".325","538.2","4062"
"Nathaniel Lowe","Rays","73","311","278","71","15","1","10","35","38","29","72","1","0",".255",".328",".423",".751",".324","556.5","sa918283"
"Domingo Santana","Mariners","139","592","515","122","24","1","22","71","69","68","204","7","2",".236",".330",".415",".745",".324","234.6","10348"
"Elvis Andrus","Rangers","151","645","588","164","33","3","14","80","68","45","93","17","5",".279",".331",".417",".748",".324","183.1","8709"
"Mark Canha","Athletics","45","193","173","42","10","1","7","23","23","15","45","1","0",".244",".315",".438",".754",".324","595.3","11445"
"Dan Vogelbach","Mariners","26","110","95","22","5","0","4","12","13","14","26","0","0",".232",".336",".407",".742",".324","598.3","14130"
"Josh Reddick","Astros","89","387","346","90","17","2","12","48","46","36","60","5","1",".261",".328",".425",".753",".324","509.3","3892"
"Robinson Chirinos","Astros","97","386","335","73","15","1","18","50","53","38","120","2","1",".217",".314",".432",".746",".324","241.6","3142"
"David Freese","Dodgers","83","220","195","50","9","0","6","26","25","20","56","1","0",".256",".335",".406",".741",".324","589.9","9549"
"Yuli Gurriel","Astros","130","563","526","148","36","2","14","68","71","27","66","5","1",".282",".321",".436",".757",".324","193.8","19198"
"Jackie Bradley Jr.","Red Sox","146","635","561","136","34","4","20","83","76","60","154","11","3",".243",".325",".423",".748",".323","222.5","12984"
"Wilson Ramos","Mets","97","381","350","92","15","1","15","43","49","26","74","1","0",".264",".315",".439",".754",".323","134.1","1433"
"Welington Castillo","White Sox","105","405","368","93","17","1","17","46","52","29","108","2","0",".252",".312",".439",".751",".323","223.9","3256"
"Matt Davidson","Rangers","23","97","87","20","4","0","5","12","13","8","31","0","0",".231",".306",".446",".752",".323","589.9","7226"
"Clint Frazier","Yankees","19","84","76","18","4","0","3","11","10","8","24","1","0",".244",".317",".431",".748",".322","539.7","15983"
"Evan Gattis","","81","350","318","77","14","1","17","42","48","25","76","1","1",".242",".302",".453",".756",".322","577.1","11003"
"Kyle Tucker","Astros","32","141","127","32","7","1","5","19","18","11","32","4","1",".250",".315",".437",".753",".322","289.1","18345"
"Cesar Hernandez","Phillies","149","649","566","148","20","5","12","80","57","75","140","15","5",".262",".350",".379",".729",".322","170.2","10556"
"Tyler Austin","Twins","16","69","62","15","3","0","3","9","9","6","23","0","0",".237",".306",".445",".750",".322","579.2","11850"
"Johan Camargo","Braves","120","401","363","94","20","2","13","47","49","30","84","2","1",".260",".319",".431",".750",".321","406.7","14950"
"Ketel Marte","Diamondbacks","147","632","572","154","31","6","13","73","66","53","92","8","2",".270",".332",".412",".744",".321","222.3","13613"
"Jean Segura","Phillies","147","641","593","169","26","4","14","80","68","34","88","23","5",".284",".328",".413",".741",".321","61.3","5933"
"Jay Bruce","Mariners","97","413","367","86","19","1","18","47","55","41","99","2","1",".234",".311",".438",".749",".320","293.8","9892"
"Russell Martin","Dodgers","57","227","192","43","8","0","7","28","24","29","56","2","1",".226",".338",".384",".722",".320","536.9","4616"
"Adam Jones","","146","630","585","158","31","2","20","71","77","31","106","3","1",".271",".314",".430",".744",".320","378.2","6368"
"Evan Longoria","Giants","146","624","571","148","33","3","20","70","78","41","118","4","1",".260",".313",".436",".749",".320","443.7","9368"
"Alex Verdugo","Dodgers","89","350","318","86","19","1","8","41","39","27","52","3","1",".269",".330",".410",".740",".320","466.7","17027"
"Robbie Grossman","Athletics","44","186","159","40","9","1","3","21","16","24","36","1","0",".250",".350",".370",".721",".320","596.5","5254"
"Nick Senzel","Reds","110","461","417","106","26","2","14","57","55","38","115","9","3",".253",".318",".426",".744",".320","207.8","sa873264"
"Danny Jansen","Blue Jays","113","437","387","96","22","1","13","51","46","38","78","4","1",".248",".326",".412",".737",".320","186.2","16535"
"Kole Calhoun","Angels","146","628","554","134","25","3","21","76","72","63","137","5","2",".241",".323",".413",".735",".319","467.7","11200"
"Todd Frazier","Mets","81","288","251","56","11","1","13","34","35","30","70","4","1",".222",".312",".425",".737",".319","548.6","785"
"Brett Gardner","Yankees","89","387","336","85","16","3","7","51","34","41","70","10","2",".253",".340",".385",".724",".319","422.8","9927"
"Denard Span","","81","350","313","82","16","3","7","42","33","31","51","6","2",".263",".333",".398",".731",".319","598.7","8347"
"Curtis Granderson","Marlins","130","506","435","95","21","3","18","57","53","63","131","3","1",".220",".324",".407",".730",".319","578.1","4747"
"Brandon Lowe","Rays","57","242","215","52","12","1","8","28","29","23","63","3","1",".240",".317",".418",".735",".318","539.3","18882"
"Billy McKinney","Blue Jays","97","410","368","89","22","2","14","49","45","35","105","3","1",".242",".312",".425",".737",".318","563.0","15654"
"Rowdy Tellez","Blue Jays","5","21","19","5","1","0","1","2","2","2","5","0","0",".250",".314",".428",".742",".318","565.2","15679"
"Yoan Moncada","White Sox","149","627","548","129","26","4","19","77","62","69","204","19","4",".236",".326",".404",".730",".318","158.1","17232"
"Mark Trumbo","Orioles","138","574","524","126","22","1","27","63","72","44","144","1","0",".241",".301",".439",".740",".318","515.7","6876"
"Ian Kinsler","Padres","125","516","469","119","26","2","15","61","58","39","77","10","4",".254",".315",".419",".735",".318","459.4","6195"
"Jeimer Candelario","Tigers","146","615","545","129","33","3","19","71","68","61","149","3","1",".237",".319",".413",".732",".318","452.3","13621"
"Marcus Semien","Athletics","149","635","569","142","31","3","18","76","67","57","126","13","3",".250",".319",".412",".731",".317","230.8","12533"
"Matt Duffy","Rays","81","346","312","88","15","2","4","39","32","27","56","8","2",".281",".341",".381",".723",".317","526.9","13836"
"Ryon Healy","Mariners","81","344","320","81","15","1","15","38","47","20","78","1","0",".254",".299",".442",".741",".317","478.0","15447"
"Ryan McMahon","Rockies","144","586","529","132","35","4","16","70","68","47","172","6","2",".250",".315",".421",".736",".317","475.1","15112"
"Leonys Martin","Indians","113","490","444","113","21","3","15","63","56","37","112","15","4",".253",".315",".417",".732",".317","401.9","11846"
"Nick Williams","Phillies","40","116","106","26","5","1","4","14","14","7","33","1","0",".249",".306",".432",".738",".317","531.8","14330"
"Willians Astudillo","Twins","31","125","118","33","7","0","3","14","15","5","8","1","0",".280",".315",".424",".739",".316","255.3","15608"
"Chad Pinder","Athletics","39","166","150","37","8","1","6","19","20","12","45","1","0",".244",".307",".427",".734",".316","517.2","15191"
"Teoscar Hernandez","Blue Jays","97","410","371","87","20","2","17","52","48","32","123","8","2",".235",".300",".437",".737",".316","371.0","13066"
"Colin Moran","Pirates","122","503","454","118","23","2","14","54","60","42","108","2","1",".259",".324",".408",".732",".316","512.7","16909"
"Logan Forsythe","Rangers","8","35","30","7","2","0","1","4","3","4","7","0","0",".247",".336",".380",".717",".316","999.0","7185"
"Jose Peraza","Reds","141","615","571","162","27","5","12","78","63","28","78","25","6",".284",".322",".411",".733",".316","95.8","13593"
"Francisco Mejia","Padres","94","335","308","80","18","2","10","37","39","21","69","2","1",".260",".312",".424",".736",".316","261.7","16403"
"Jose Bautista","","81","350","295","63","14","1","12","42","37","48","87","4","1",".213",".329",".384",".713",".315","999.0","1887"
"Josh Harrison","Tigers","130","547","501","132","28","4","13","63","57","30","96","9","3",".264",".316",".414",".729",".315","514.0","8202"
"Aledmys Diaz","Astros","31","134","124","32","7","0","5","16","17","7","20","2","0",".258",".305",".432",".737",".315","514.8","15937"
"Garrett Hampson","Rockies","79","264","238","64","13","2","4","33","24","22","50","9","2",".268",".331",".393",".724",".315","189.8","19262"
"Max Moroff","Indians","42","182","157","36","8","1","6","22","20","22","52","2","1",".227",".324",".397",".721",".315","999.0","14556"
"Brad Miller","Dodgers","15","64","56","13","3","0","2","8","7","7","18","1","0",".230",".314",".413",".727",".315","999.0","12775"
"Ender Inciarte","Braves","149","649","590","162","28","5","10","80","62","48","86","21","7",".276",".333",".389",".721",".315","136.9","4922"
"Mitch Garver","Twins","44","172","153","37","9","1","5","20","19","16","41","1","0",".242",".320",".404",".724",".315","443.9","15161"
"Jason Heyward","Cubs","122","532","474","123","24","2","10","61","52","49","75","4","1",".259",".332",".386",".718",".315","545.8","4940"
"Yandy Diaz","Rays","104","443","386","102","17","2","5","48","38","51","90","3","1",".263",".351",".358",".708",".314","487.9","16578"
"Alex Avila","Diamondbacks","113","380","317","66","14","1","12","44","39","59","133","1","0",".208",".335",".372",".707",".314","597.7","7476"
"Luis Arraez","Twins","2","7","6","2","0","0","0","1","1","0","1","0","0",".287",".334",".389",".723",".314","999.0","sa828153"
"Brian Anderson","Marlins","149","627","560","141","29","3","15","66","60","53","136","3","1",".253",".325",".393",".719",".314","302.7","18289"
"Jorge Bonifacio","Royals","26","109","97","24","5","0","3","11","12","10","28","1","0",".243",".317",".405",".722",".314","599.7","12174"
"Daniel Palka","White Sox","105","443","401","91","17","2","22","52","60","36","147","4","1",".226",".293",".442",".735",".313","353.9","14897"
"Brock Holt","Red Sox","58","254","225","58","12","1","4","32","24","24","50","5","1",".259",".336",".375",".711",".313","584.3","9345"
"Devon Travis","Blue Jays","81","342","318","85","18","1","9","39","37","18","62","4","1",".265",".308",".419",".727",".313","586.5","13862"
"Carlos Gonzalez","","146","630","568","140","30","2","20","71","74","55","150","4","2",".247",".314",".414",".728",".313","522.3","7287"
"Ronald Guzman","Rangers","130","555","502","124","26","3","18","62","65","43","137","2","1",".246",".311",".414",".725",".313","488.6","14388"
"Brandon Crawford","Giants","147","631","568","144","32","4","17","68","73","51","130","5","2",".253",".319",".412",".731",".312","503.8","5343"
"Kolten Wong","Cardinals","113","493","437","111","21","3","11","58","48","39","79","9","3",".253",".328",".390",".719",".312","541.5","12532"
"Kevin Kiermaier","Rays","141","602","542","133","25","7","17","75","61","47","135","19","5",".245",".313",".409",".722",".312","343.0","11038"
"Albert Almora Jr.","Cubs","113","476","442","121","26","2","9","54","51","27","78","4","1",".274",".316",".406",".723",".312","564.2","14109"
"Starlin Castro","Marlins","147","620","574","154","28","1","16","64","65","38","121","4","1",".269",".316",".406",".722",".312","359.6","4579"
"Lonnie Chisenhall","Pirates","97","319","286","71","16","2","9","35","36","26","65","3","1",".247",".313",".410",".723",".312","563.3","7571"
"Jose Osuna","Pirates","28","99","91","23","6","0","3","11","12","6","20","1","0",".254",".305",".421",".726",".312","999.0","12937"
"Joe Panik","Giants","130","555","499","133","27","4","8","59","54","44","54","5","2",".266",".329",".386",".715",".311","576.3","11936"
"Raimel Tapia","Rockies","81","271","252","68","16","3","5","33","28","15","56","7","2",".271",".315",".409",".724",".311","512.3","14350"
"Manuel Margot","Padres","113","488","448","116","24","5","11","59","49","33","83","14","4",".260",".312",".411",".723",".311","286.0","14712"
"Jake Cave","Twins","42","180","164","41","9","1","5","22","20","13","52","2","1",".248",".308",".413",".721",".311","554.4","14477"
"Mike Tauchman","Rockies","28","99","89","23","5","1","2","12","10","8","20","2","1",".254",".320",".396",".717",".311","599.4","15274"
"Eduardo Nunez","Red Sox","42","183","173","48","9","1","4","24","20","8","26","6","1",".277",".310",".410",".721",".310","451.1","6848"
"Alex Gordon","Royals","144","604","529","127","26","3","14","64","62","57","136","8","2",".240",".327",".381",".708",".310","551.4","5209"
"Aaron Altherr","Phillies","68","175","155","35","8","1","6","21","20","17","53","3","1",".226",".309",".405",".714",".310","600.5","11270"
"Willie Calhoun","Rangers","70","298","273","70","15","1","9","33","35","20","43","2","0",".254",".308",".415",".724",".310","469.5","17838"
"A.J. Reed","Astros","10","42","37","8","2","0","2","5","6","4","13","0","0",".220",".304",".415",".719",".310","597.2","16246"
"Nick Hundley","Athletics","16","63","58","14","3","0","2","7","7","4","16","0","0",".246",".299",".425",".724",".310","593.4","3376"
"Michael Reed","Twins","6","28","24","6","1","0","1","3","3","3","8","0","0",".233",".328",".377",".704",".310","999.0","13228"
"Mark Zagunis","Cubs","11","50","43","10","2","0","1","6","5","6","13","1","0",".232",".332",".368",".700",".310","999.0","16565"
"Tyler Naquin","Indians","128","553","504","129","28","3","13","64","63","40","141","6","2",".256",".314",".403",".717",".310","584.8","13359"
"Tucker Barnhart","Reds","122","485","429","108","23","2","10","54","51","47","91","3","1",".252",".327",".387",".715",".310","268.9","10200"
"Elias Diaz","Pirates","40","159","146","38","8","0","4","17","19","11","28","1","0",".260",".311",".406",".717",".310","358.7","11680"
"Keibert Ruiz","Dodgers","6","26","24","7","1","0","1","3","3","2","3","0","0",".269",".318",".400",".718",".310","597.6","sa872528"
"Andrelton Simmons","Angels","151","649","596","160","29","3","14","76","67","42","59","11","3",".269",".319",".395",".714",".310","239.1","10847"
"Kevin Pillar","Blue Jays","141","595","554","144","36","2","16","70","62","29","103","13","3",".260",".302",".417",".718",".309","336.9","12434"
"Kevin Plawecki","Indians","81","320","285","70","15","1","8","35","37","27","65","1","0",".245",".319",".390",".709",".309","571.1","13807"
"Yangervis Solarte","Giants","100","291","265","67","14","1","8","31","33","21","40","2","0",".253",".311",".404",".715",".309","544.3","5352"
"Peter Alonso","Mets","113","466","415","92","20","1","20","51","58","40","136","2","1",".222",".300",".415",".716",".309","248.3","sa873981"
"Ramon Laureano","Athletics","122","517","464","109","25","3","15","64","51","44","148","15","3",".236",".309",".399",".708",".308","181.4","17128"
"Lourdes Gurriel Jr.","Blue Jays","73","308","288","75","14","1","10","35","34","14","70","3","1",".260",".298",".419",".717",".308","279.5","19238"
"Melky Cabrera","Pirates","65","159","146","39","8","1","3","17","17","10","22","1","0",".269",".319",".392",".711",".308","596.5","4022"
"Addison Russell","Cubs","86","376","339","83","19","2","10","42","41","30","84","2","1",".246",".313",".398",".711",".308","563.2","14106"
"Yan Gomes","Nationals","78","311","286","68","14","1","12","35","43","18","87","1","0",".238",".292",".425",".717",".308","216.4","9627"
"Bobby Bradley","Indians","6","28","25","6","1","0","1","3","4","2","9","0","0",".224",".298",".421",".719",".308","999.0","sa828799"
"Delino DeShields","Rangers","113","486","418","103","19","3","7","62","33","51","106","24","6",".247",".334",".358",".692",".308","378.8","11379"
"Travis d'Arnaud","Mets","53","209","190","46","9","1","7","22","25","16","42","1","0",".241",".302",".413",".715",".308","583.1","7739"
"Ryan O'Hearn","Royals","134","563","503","116","27","2","20","59","68","53","164","3","1",".230",".305",".408",".712",".308","420.4","16442"
"Nicky Delmonico","White Sox","53","225","200","46","10","1","7","24","24","21","54","2","0",".232",".311",".396",".707",".307","599.3","13157"
"Brian McCann","Braves","65","258","228","52","9","1","10","29","31","24","50","1","0",".226",".308",".398",".707",".307","508.0","4810"
"Andy Young","Diamondbacks","11","29","26","6","1","0","1","3","3","2","7","0","0",".237",".303",".408",".711",".307","999.0","sa919031"
"Myles Straw","Astros","2","7","6","2","0","0","0","1","1","1","1","0","0",".265",".339",".353",".692",".307","598.4","17620"
"Mike Zunino","Rays","113","443","397","83","17","1","22","50","63","34","155","1","0",".210",".286",".426",".712",".307","244.2","13265"
"Devin Mesoraco","Mets","8","32","28","6","1","0","1","3","4","3","7","0","0",".224",".305",".402",".707",".307","596.1","5666"
"Tony Kemp","Astros","70","303","268","70","13","2","4","37","27","26","42","9","3",".262",".331",".367",".698",".307","594.4","14894"
"Yonathan Daza","Rockies","8","35","33","9","2","0","0","4","3","2","6","1","0",".279",".316",".395",".711",".307","999.0","sa597083"
"Carter Kieboom","Nationals","3","14","13","3","1","0","0","2","2","1","4","0","0",".246",".310",".397",".707",".306","593.7","sa917937"
"Fernando Tatis Jr.","Padres","57","244","221","52","11","1","8","29","27","19","76","5","1",".236",".302",".410",".712",".306","294.5","sa919910"
"Franchy Cordero","Padres","62","205","187","45","9","2","7","25","22","15","69","5","1",".239",".298",".414",".713",".306","440.7","14567"
"Joe McCarthy","Rays","16","69","61","14","3","0","2","8","7","7","16","1","0",".232",".321",".376",".697",".306","999.0","sa858039"
"Ty France","Padres","2","7","6","2","0","0","0","1","1","0","1","0","0",".244",".314",".387",".701",".306","599.5","sa876140"
"Christian Walker","Diamondbacks","65","179","162","38","9","1","6","20","22","13","53","1","0",".232",".295",".417",".712",".306","594.5","13419"
"Michael Chavis","Red Sox","3","14","13","3","1","0","1","2","2","1","4","0","0",".233",".293",".418",".711",".306","591.6","sa828673"
"Austin Riley","Braves","28","80","73","17","4","0","3","9","10","5","26","0","0",".236",".294",".420",".714",".306","570.9","sa874756"
"Omar Narvaez","Mariners","113","441","385","95","17","1","8","45","41","47","86","2","1",".247",".332",".359",".691",".306","290.7","13338"
"Dansby Swanson","Braves","122","529","476","118","25","3","14","59","60","45","120","7","2",".248",".315",".402",".717",".306","463.1","18314"
"Niko Goodrum","Tigers","100","424","383","91","20","3","13","50","45","35","114","9","2",".238",".304",".403",".707",".306","319.6","12092"
"Neil Walker","Marlins","125","466","413","97","19","2","14","47","49","45","103","1","0",".234",".313",".390",".704",".305","542.0","7539"
"LaMonte Wade","Twins","8","35","30","7","1","0","1","4","3","4","6","0","0",".243",".328",".367",".694",".305","999.0","sa856280"
"Austin Barnes","Dodgers","97","390","339","79","16","1","9","45","38","43","90","5","2",".232",".326",".366",".691",".305","358.5","12158"
"David Bote","Cubs","39","109","99","23","5","0","3","13","12","9","29","1","0",".236",".305",".400",".706",".305","593.6","14593"
"Jonathan Villar","Orioles","134","560","505","124","21","2","16","70","49","47","159","33","7",".245",".312",".388",".700",".305","80.3","10071"
"Victor Caratini","Cubs","50","185","167","42","10","1","4","20","19","15","39","1","0",".252",".319",".382",".701",".305","587.8","14968"
"Phillip Ervin","Reds","37","122","109","25","6","0","4","15","13","10","30","4","1",".233",".306",".397",".703",".305","597.0","14738"
"Willy Adames","Rays","144","616","550","134","27","4","14","68","63","57","173","9","3",".244",".317",".384",".701",".305","235.6","15986"
"Jacoby Ellsbury","Yankees","16","70","62","16","3","0","1","9","6","6","11","3","0",".254",".327",".367",".695",".305","999.0","4727"
"Chris Davis","Orioles","136","567","495","103","20","1","25","61","69","61","203","2","1",".207",".300",".403",".703",".305","553.2","9272"
"Tim Beckham","Mariners","49","207","188","45","8","1","7","23","23","15","57","2","1",".240",".300",".404",".704",".305","535.5","7949"
"Austin Slater","Giants","105","431","390","101","20","2","7","47","40","33","109","6","2",".258",".322",".373",".695",".305","599.3","16153"
"Tim Anderson","White Sox","147","620","583","151","27","4","19","74","66","27","159","20","4",".259",".295",".415",".709",".305","135.4","15172"
"Jason Castro","Twins","105","411","359","80","18","2","12","47","42","45","122","2","1",".222",".313",".380",".694",".305","584.3","8722"
"Adam Duvall","Braves","76","211","192","42","10","1","9","24","28","15","57","2","0",".222",".284",".428",".712",".305","577.1","10950"
"Isiah Kiner-Falefa","Rangers","60","245","222","59","11","1","3","27","22","17","36","5","2",".268",".326",".367",".693",".305","289.7","16512"
"Curt Casali","Reds","3","13","12","3","1","0","0","1","1","1","3","0","0",".233",".308",".391",".699",".304","594.9","12510"
"Nick Solak","Rays","3","14","12","3","1","0","0","2","1","1","3","0","0",".245",".318",".375",".693",".304","999.0","sa874054"
"Byron Buxton","Twins","122","519","470","112","23","4","16","67","51","38","155","18","3",".238",".300",".406",".706",".304","160.4","14161"
"Ben Gamel","Brewers","37","121","109","28","6","1","2","14","11","10","25","2","1",".257",".322",".374",".697",".304","596.0","12160"
"Jose Pirela","Padres","16","50","46","12","2","0","1","6","5","3","9","1","0",".254",".308",".394",".701",".304","599.9","5485"
"Harrison Bader","Cardinals","139","585","531","126","24","2","19","70","63","40","175","13","4",".237",".302",".400",".702",".304","181.4","18030"
"Mikie Mahtook","Tigers","81","342","309","73","15","2","11","39","37","25","88","5","1",".235",".301",".402",".703",".304","599.1","13130"
"Tommy La Stella","Angels","44","188","167","42","9","1","3","20","18","17","30","1","0",".251",".325",".366",".691",".304","999.0","12371"
"Jon Jay","White Sox","42","177","158","42","8","1","1","18","14","13","32","2","1",".264",".335",".347",".683",".304","592.0","5227"
"Josh Fuentes","Rockies","11","29","27","7","2","0","1","3","3","1","7","0","0",".258",".300",".406",".705",".303","999.0","sa829934"
"Cedric Mullins II","Orioles","146","607","554","137","31","3","15","66","57","43","118","15","3",".247",".305",".395",".699",".303","287.8","17929"
"Joey Rickard","Orioles","102","425","382","94","20","1","10","45","39","34","92","8","2",".246",".313",".381",".694",".303","999.0","13277"
"Alex Blandino","Reds","19","65","57","13","3","0","2","7","7","6","17","1","0",".232",".312",".378",".690",".303","601.0","16271"
"Joey Wendle","Rays","122","519","477","123","30","3","9","56","54","29","102","10","3",".258",".308",".392",".700",".303","216.3","13853"
"Jonathan Lucroy","Angels","97","383","345","88","18","2","7","42","38","31","57","2","1",".255",".318",".376",".694",".303","314.6","7870"
"Adalberto Mondesi","Royals","151","631","580","140","27","7","21","81","64","35","174","35","6",".241",".287",".422",".709",".302","40.6","13769"
"Austin Allen","Padres","3","13","12","3","1","0","0","1","2","1","3","0","0",".243",".300",".402",".702",".302","999.0","sa875025"
"Cory Spangenberg","Brewers","32","80","73","18","3","1","2","10","8","6","24","1","0",".242",".305",".388",".693",".301","597.7","12294"
"Austin Hedges","Padres","78","305","282","65","14","1","13","34","40","19","81","2","1",".229",".281",".426",".707",".301","325.0","12976"
"Jordy Mercer","Tigers","113","479","432","109","23","2","10","48","50","37","87","2","1",".252",".315",".387",".701",".301","584.0","6547"
"Brandon Drury","Blue Jays","86","362","329","79","20","1","9","39","37","28","90","2","1",".240",".304",".390",".694",".301","580.6","11615"
"Austin Hays","Orioles","11","47","44","11","2","0","2","5","5","2","11","0","0",".248",".288",".414",".702",".301","559.0","19363"
"Dustin Fowler","Athletics","31","131","123","31","7","1","3","16","13","7","29","4","1",".249",".290",".413",".703",".301","566.2","17098"
"Ramon Urias","Cardinals","6","28","25","6","1","0","1","3","3","2","7","0","0",".241",".306",".383",".689",".301","999.0","sa597169"
"Taylor Ward","Angels","23","98","87","20","3","0","3","11","10","9","24","1","0",".235",".312",".375",".687",".301","594.9","17548"
"Jose Rondon","White Sox","34","143","132","33","7","1","5","16","15","8","35","3","1",".245",".292",".406",".698",".301","999.0","14140"
"Mallex Smith","Mariners","149","634","563","144","27","5","5","77","42","56","133","38","8",".256",".328",".351",".678",".300","101.9","13608"
"Jake Marisnick","Astros","49","211","192","43","8","1","9","27","25","14","66","7","2",".225",".286",".412",".697",".300","598.8","11339"
"Nick Martini","Athletics","66","283","248","59","13","2","4","31","23","30","64","2","1",".237",".326",".349",".675",".300","582.6","12005"
"John Hicks","Tigers","86","359","330","80","16","1","11","39","38","23","95","3","1",".243",".296",".396",".692",".300","399.1","12547"
"Pablo Sandoval","Giants","23","57","52","13","2","0","2","6","7","4","11","0","0",".241",".301",".394",".695",".300","600.8","5409"
"D.J. Stewart","Orioles","96","398","352","79","17","1","12","43","38","37","101","8","2",".225",".308",".379",".686",".300","587.5","17766"
"Sam Travis","Red Sox","2","7","6","2","0","0","0","1","1","1","2","0","0",".251",".310",".377",".686",".300","999.0","16263"
"Pablo Reyes","Pirates","39","147","133","33","7","1","3","17","15","11","29","4","1",".246",".305",".384",".689",".300","999.0","16357"
"Bradley Zimmer","Indians","40","175","155","35","8","1","5","22","18","15","60","6","1",".224",".303",".382",".685",".299","548.2","16221"
"Chris Young","","49","210","187","41","9","1","7","24","23","18","53","2","1",".217",".295",".393",".688",".299","999.0","3882"
"Cameron Maybin","Giants","32","119","106","26","5","1","2","14","9","12","25","4","1",".247",".323",".352",".676",".299","595.8","5223"
"Manny Pina","Brewers","26","102","93","23","5","0","3","11","11","7","21","1","0",".243",".300",".392",".692",".299","530.3","2829"
"Austin Dean","Marlins","97","390","359","91","19","2","8","39","37","25","77","2","1",".253",".304",".386",".690",".299","597.6","18288"
"Travis Jankowski","Padres","50","156","139","35","6","1","2","19","11","15","33","8","2",".253",".329",".342",".671",".299","552.2","13768"
"Christian Arroyo","Rays","8","35","32","8","2","0","1","4","4","2","7","0","0",".257",".307",".385",".692",".299","598.7","16434"
"Kevin Kramer","Pirates","28","99","89","21","5","0","2","11","10","7","28","1","0",".238",".302",".386",".688",".299","597.7","17689"
"Garrett Cooper","Marlins","73","209","191","47","10","1","5","20","21","14","52","1","0",".246",".305",".384",".689",".299","999.0","15279"
"Scott Heineman","Rangers","3","14","13","3","1","0","0","2","1","1","3","0","0",".244",".307",".375",".683",".298","999.0","sa827137"
"Hernan Perez","Brewers","92","280","261","66","13","1","8","32","30","14","56","7","1",".251",".291",".405",".695",".298","425.9","5751"
"Yolmer Sanchez","White Sox","144","606","549","137","27","4","11","67","53","43","127","13","4",".249",".308",".373",".681",".298","544.0","11602"
"Carlos Gomez","Mets","11","49","43","10","2","0","2","6","5","3","14","1","0",".222",".297",".383",".680",".298","600.5","4881"
"Greg Garcia","Padres","60","178","155","38","7","1","2","19","14","18","35","2","1",".242",".329",".339",".668",".298","999.0","10951"
"Franklin Barreto","Athletics","49","207","189","43","9","1","7","24","23","14","69","4","1",".228",".287",".403",".690",".297","543.1","15519"
"Andrew Knizner","Cardinals","8","32","30","8","2","0","1","3","3","2","5","0","0",".257",".309",".375",".684",".297","594.2","sa857827"
"Drew Ferguson","Giants","26","91","80","19","4","0","1","10","8","9","24","2","1",".235",".319",".351",".670",".297","999.0","sa875766"
"Derek Fisher","Astros","16","70","62","13","3","0","2","9","8","7","24","2","0",".215",".298",".383",".681",".297","999.0","16192"
"Justin Williams","Cardinals","3","14","13","3","1","0","0","2","2","1","3","0","0",".251",".297",".389",".686",".297","999.0","15490"
"T.J. Rivera","Mets","11","29","27","7","1","0","1","3","3","1","5","0","0",".259",".303",".380",".683",".297","999.0","12495"
"Tony Wolters","Rockies","65","257","224","54","11","2","3","28","22","26","52","2","1",".239",".325",".348",".673",".297","600.4","11470"
"Tim Locastro","Diamondbacks","3","14","13","3","1","0","0","2","1","1","3","0","0",".245",".312",".361",".673",".296","999.0","15124"
"Yairo Munoz","Cardinals","70","263","242","60","12","1","7","29","28","16","58","5","2",".248",".298",".391",".689",".296","504.4","16313"
"Carson Kelly","Diamondbacks","57","222","198","47","11","1","4","22","22","19","42","1","0",".238",".311",".369",".679",".296","480.8","13620"
"Chris Owings","Royals","94","393","363","91","21","2","8","42","40","24","84","11","2",".251",".300",".387",".687",".296","574.8","10030"
"Keston Hiura","Brewers","5","21","19","5","1","0","0","2","2","1","5","0","0",".248",".299",".384",".683",".296","487.4","sa3004043"
"Max Stassi","Astros","57","225","202","44","9","0","8","26","27","19","66","1","0",".218",".294",".383",".678",".296","574.6","10059"
"Matt Wieters","Cardinals","32","129","115","27","5","0","4","13","14","11","26","0","0",".233",".303",".380",".683",".296","578.9","4298"
"Ke'Bryan Hayes","Pirates","3","14","13","3","1","0","0","1","1","1","3","0","0",".247",".311",".366",".677",".296","593.5","sa874730"
"Matt Beaty","Dodgers","2","7","6","2","0","0","0","1","1","0","1","0","0",".249",".307",".373",".680",".296","999.0","sa602895"
"Chance Sisco","Orioles","65","247","220","52","11","1","5","24","22","21","74","1","0",".236",".311",".361",".672",".296","519.5","15694"
"Renato Nunez","Orioles","136","567","517","116","24","1","21","57","64","39","155","2","1",".225",".286",".398",".684",".296","523.1","14503"
"Noel Cuevas","Rockies","52","145","135","35","7","1","3","16","14","7","30","2","1",".257",".300",".385",".685",".296","999.0","11894"
"J.D. Davis","Mets","21","70","64","15","3","0","2","7","8","5","21","0","0",".228",".293",".387",".681",".295","594.8","16219"
"Thairo Estrada","Yankees","2","7","7","2","0","0","0","1","1","0","1","0","0",".261",".309",".369",".678",".295","999.0","sa739620"
"Luis Rengifo","Angels","5","21","19","5","1","0","0","2","2","2","4","1","0",".244",".312",".363",".675",".295","600.7","sa826671"
"Guillermo Heredia","Rays","32","138","123","30","5","1","2","14","12","11","22","2","1",".247",".321",".346",".667",".295","999.0","18721"
"Corban Joseph","Orioles","3","13","12","3","1","0","0","1","1","1","2","0","0",".252",".305",".372",".677",".295","999.0","5503"
"Bryan Reynolds","Pirates","2","7","6","2","0","0","0","1","1","1","2","0","0",".246",".306",".372",".679",".295","999.0","sa873683"
"Hunter Dozier","Royals","138","577","521","117","31","2","16","58","64","49","174","5","1",".225",".294",".384",".678",".295","543.0","15117"
"Kyle Higashioka","Yankees","8","32","29","7","1","0","1","4","4","2","8","0","0",".223",".282",".404",".686",".295","999.0","5517"
"David Fletcher","Angels","123","530","491","130","27","2","7","58","49","28","64","9","2",".264",".307",".369",".676",".295","564.0","17992"
"Brian Goodwin","Royals","65","271","244","54","12","2","8","29","29","23","76","4","1",".223",".294",".384",".679",".295","598.8","12858"
"Andrew Toles","Dodgers","36","116","107","27","6","1","2","13","12","6","27","2","1",".250",".297",".385",".683",".295","600.9","13414"
"Jesus Sanchez","Rays","2","7","6","2","0","0","0","1","1","0","2","0","0",".249",".293",".393",".685",".295","999.0","sa872787"
"Greg Allen","Indians","97","420","372","91","20","2","6","49","36","30","90","17","4",".244",".317",".350",".667",".294","280.4","16623"
"Patrick Wisdom","Rangers","16","69","63","14","3","0","3","8","8","5","23","1","0",".218",".282",".399",".681",".294","596.3","13602"
"Dwight Smith Jr.","Blue Jays","13","55","49","12","3","0","1","6","5","5","11","1","0",".238",".307",".364",".671",".294","999.0","13473"
"Albert Pujols","Angels","94","404","377","89","17","1","16","43","51","21","58","2","0",".236",".278",".410",".688",".294","529.1","1177"
"Connor Joe","Reds","18","58","51","12","3","0","1","6","6","5","15","0","0",".226",".304",".365",".670",".294","999.0","sa827153"
"Dominic Smith","Mets","3","14","13","3","1","0","0","1","1","1","4","0","0",".238",".297",".381",".678",".294","599.3","15653"
"Brandon Phillips","","16","70","65","17","3","0","1","7","7","3","11","1","0",".259",".300",".377",".676",".294","999.0","791"
"Domingo Leyba","Diamondbacks","2","7","6","2","0","0","0","1","1","0","1","0","0",".250",".305",".371",".676",".294","999.0","sa736654"
"Preston Tucker","White Sox","15","61","55","12","3","0","2","6","7","5","14","0","0",".221",".289",".388",".677",".293","999.0","13633"
"Nick Ahmed","Diamondbacks","146","617","565","132","28","4","17","66","67","43","125","8","2",".233",".290",".390",".680",".293","514.7","12147"
"Gerardo Parra","Giants","118","407","374","96","21","2","5","42","38","25","75","6","2",".256",".307",".364",".672",".293","581.0","8553"
"Tzu-Wei Lin","Red Sox","3","14","13","3","1","0","0","2","1","1","3","0","0",".242",".304",".365",".669",".292","999.0","14678"
"Pat Valaika","Rockies","36","115","106","25","6","1","4","13","13","6","30","1","0",".233",".277",".404",".681",".292","999.0","14885"
"Michael A. Taylor","Nationals","63","236","215","49","11","1","7","29","26","18","75","9","2",".230",".290",".385",".675",".292","508.8","11489"
"Jace Peterson","","16","70","61","14","3","0","1","8","5","8","15","2","1",".228",".320",".337",".657",".292","999.0","12325"
"Kevan Smith","Angels","49","191","176","45","8","0","3","20","19","11","31","1","0",".254",".305",".362",".667",".292","591.7","12284"
"Jose Reyes","","32","140","127","31","6","1","3","16","13","11","23","4","1",".242",".302",".369",".670",".292","999.0","1736"
"Jose Iglesias","Reds","32","141","131","34","7","0","2","16","13","7","19","3","1",".261",".304",".364",".668",".292","589.3","10231"
"Martin Prado","Marlins","100","325","299","78","15","1","3","30","27","21","49","2","0",".262",".313",".350",".663",".291","599.0","3312"
"Anthony Santander","Orioles","13","54","50","12","3","0","2","5","6","3","12","0","0",".235",".286",".390",".676",".291","999.0","14551"
"Jonathan Davis","Blue Jays","8","34","30","7","2","0","1","4","3","3","9","1","0",".228",".303",".358",".661",".291","999.0","15104"
"Ehire Adrianza","Twins","10","41","37","9","2","0","1","5","4","3","9","1","0",".241",".303",".366",".669",".291","600.5","8418"
"Kyle Farmer","Reds","45","164","152","37","9","1","3","17","18","9","34","1","0",".243",".292",".380",".672",".291","999.0","14813"
"Zack Granite","Rangers","19","83","75","19","3","1","1","9","6","6","11","3","1",".257",".315",".346",".661",".291","601.0","15343"
"Reese McGuire","Blue Jays","24","94","85","20","4","0","2","10","9","7","21","1","0",".236",".298",".368",".666",".291","599.4","15674"
"Leury Garcia","White Sox","58","245","226","57","9","2","4","27","21","13","60","8","2",".253",".300",".367",".667",".291","592.2","5913"
"Austin Jackson","","40","175","158","38","8","1","3","19","15","14","50","2","1",".241",".306",".354",".660",".290","999.0","9848"
"Freddy Galvis","Blue Jays","97","410","378","91","18","2","10","45","39","26","89","7","2",".242",".292",".381",".672",".290","547.3","6609"
"Dalton Pompey","Blue Jays","3","14","12","3","1","0","0","2","1","1","4","0","0",".229",".299",".364",".662",".290","600.3","12797"
"Mac Williamson","Giants","128","528","477","106","21","1","16","54","58","40","154","4","1",".221",".292",".374",".666",".290","562.0","14158"
"Marco Hernandez","Red Sox","2","7","7","2","0","0","0","1","1","0","2","0","0",".250",".293",".377",".671",".290","999.0","13154"
"J.P. Crawford","Mariners","113","482","421","92","19","2","10","50","42","53","119","6","2",".218",".308",".345",".653",".290","554.7","15491"
"Tom Murphy","Rockies","16","64","59","13","3","0","2","7","8","4","24","0","0",".214",".271",".404",".674",".290","582.7","13499"
"James McCann","White Sox","49","187","171","40","8","0","5","18","19","12","49","1","0",".233",".290",".374",".664",".290","563.0","12859"
"Chris Herrmann","Athletics","40","158","138","29","6","1","4","17","15","18","45","1","0",".207",".300",".357",".658",".290","592.0","9284"
"Meibrys Viloria","Royals","24","93","85","20","5","0","2","9","9","6","21","1","0",".240",".298",".364",".662",".289","999.0","17109"
"Christian Vazquez","Red Sox","97","387","356","90","19","1","5","42","38","24","69","5","2",".254",".305",".355",".660",".289","529.4","9774"
"Zack Collins","White Sox","3","13","11","2","0","0","0","1","1","2","5","0","0",".192",".303",".346",".649",".289","599.5","sa738390"
"Dee Gordon","Mariners","149","634","595","164","22","6","4","77","45","24","97","41","11",".276",".308",".352",".661",".289","105.3","8203"
"Kevin Cron","Diamondbacks","19","64","58","13","3","0","2","6","8","4","19","0","0",".218",".277",".394",".671",".289","600.1","sa597807"
"Austin Romine","Yankees","32","129","118","28","5","0","3","14","14","8","31","1","0",".236",".290",".374",".664",".289","545.7","5491"
"Shed Long","Mariners","3","14","12","3","1","0","0","1","1","1","4","0","0",".224",".297",".362",".658",".288","600.9","sa738578"
"Amed Rosario","Mets","147","632","590","149","27","5","11","70","55","32","138","20","6",".253",".295",".371",".666",".288","142.7","15518"
"Troy Stokes Jr.","Brewers","3","14","13","3","1","0","0","2","1","1","4","0","0",".215",".291",".367",".658",".288","999.0","sa828871"
"Rio Ruiz","Orioles","39","162","147","34","8","0","4","15","16","13","40","1","0",".230",".295",".365",".661",".288","999.0","14103"
"Joey Curletta","Mariners","10","41","37","8","2","0","1","4","5","4","13","0","0",".212",".293",".368",".661",".288","999.0","sa658025"
"Matt Thaiss","Angels","8","35","32","7","2","0","1","4","3","3","8","0","0",".232",".296",".363",".659",".288","597.4","sa738522"
"Jason Martin","Pirates","5","21","19","4","1","0","1","2","2","2","6","0","0",".226",".288",".375",".663",".287","999.0","sa737834"
"Miguel Rojas","Marlins","71","261","240","62","10","1","4","25","22","14","35","3","1",".257",".305",".353",".659",".287","584.0","7802"
"Gordon Beckham","Tigers","3","14","12","3","1","0","0","1","1","1","2","0","0",".233",".303",".350",".653",".287","999.0","9015"
"Seby Zavala","White Sox","5","18","17","4","1","0","1","2","2","1","6","0","0",".224",".284",".378",".662",".287","999.0","sa875572"
"Rene Rivera","Giants","24","95","87","20","4","0","3","9","11","6","29","0","0",".225",".282",".383",".665",".287","999.0","3648"
"Garrett Stubbs","Astros","8","32","29","7","2","0","0","3","3","3","6","0","0",".232",".305",".348",".653",".287","999.0","sa827172"
"Michael Hermosillo","Angels","42","181","162","36","7","1","5","21","16","14","52","5","1",".222",".295",".357",".653",".287","999.0","16285"
"Carlos Tocci","Rangers","13","55","51","13","3","0","1","6","5","3","11","1","0",".255",".303",".352",".655",".287","999.0","14558"
"Ildemaro Vargas","Diamondbacks","16","69","65","16","3","0","1","7","6","4","8","1","0",".255",".299",".358",".657",".286","999.0","13324"
"Andrew Knapp","Phillies","24","97","86","18","4","0","2","10","10","10","32","1","0",".215",".299",".351",".651",".286","600.4","14942"
"Edwin Rios","Dodgers","2","7","7","1","0","0","0","1","1","0","2","0","0",".225",".281",".386",".667",".286","999.0","sa827170"
"Roberto Perez","Indians","73","288","250","53","11","1","7","31","26","30","88","3","1",".211",".300",".345",".645",".286","592.2","2900"
"Ronny Rodriguez","Tigers","19","82","76","18","4","0","2","9","8","4","17","1","0",".241",".279",".386",".665",".286","999.0","11875"
"Nick Gordon","Twins","5","21","19","5","1","0","0","2","2","1","5","0","0",".246",".298",".357",".654",".286","599.0","sa828662"
"Socrates Brito","Diamondbacks","62","185","171","40","9","2","4","20","18","12","48","3","1",".232",".284",".376",".659",".285","999.0","12944"
"Spencer Kieboom","Nationals","3","13","12","3","1","0","0","1","1","1","3","0","0",".232",".301",".345",".646",".285","598.8","13300"
"Josh Phegley","Athletics","97","378","344","77","19","1","10","38","39","25","89","2","1",".223",".285",".371",".657",".285","592.8","9308"
"Alen Hanson","Giants","18","56","52","12","2","1","1","7","5","3","12","2","1",".239",".283",".378",".661",".285","571.1","12926"
"Blake Swihart","Red Sox","32","135","123","28","6","1","3","15","13","11","36","2","1",".232",".295",".356",".651",".285","553.5","13176"
"John Ryan Murphy","Diamondbacks","32","110","101","22","5","0","3","11","12","8","29","0","0",".221",".278",".381",".659",".285","999.0","10346"
"Braden Bishop","Mariners","3","14","12","3","1","0","0","1","1","1","3","0","0",".240",".306",".336",".642",".284","999.0","sa659045"
"Breyvic Valera","Giants","8","35","32","8","1","0","0","3","3","3","4","1","0",".250",".306",".343",".648",".284","999.0","12758"
"Tyler Wade","Yankees","2","7","6","1","0","0","0","1","1","1","2","0","0",".234",".302",".342",".644",".284","999.0","15730"
"Steven Duggar","Giants","122","520","469","107","26","4","7","54","43","46","160","11","3",".229",".300",".347",".647",".284","523.9","17719"
"Mauricio Dubon","Brewers","11","49","45","11","2","0","1","5","4","3","9","1","0",".245",".292",".362",".653",".284","598.0","sa738378"
"Brandon Dixon","Tigers","23","96","88","20","5","0","3","10","10","6","30","2","0",".223",".276",".381",".657",".284","999.0","15214"
"Yu Chang","Indians","2","7","6","1","0","0","0","1","1","1","2","0","0",".214",".284",".367",".651",".284","599.7","sa830276"
"JaCoby Jones","Tigers","130","547","498","110","24","4","14","62","50","36","173","14","4",".221",".283",".368",".651",".284","590.2","14818"
"Charlie Culberson","Braves","57","166","154","36","7","1","4","18","18","9","42","2","1",".234",".284",".374",".658",".284","581.0","3298"
"Lewis Brinson","Marlins","138","579","534","120","24","3","17","58","58","36","166","8","2",".225",".278",".379",".658",".284","477.0","14352"
"Edward Olivares","Padres","2","7","6","2","0","0","0","1","1","0","2","0","0",".236",".283",".371",".654",".283","999.0","sa832015"
"Grayson Greiner","Tigers","122","469","421","93","21","1","10","46","43","41","126","2","1",".221",".294",".349",".642",".283","542.8","17062"
"Luis Torrens","Padres","3","13","12","3","1","0","0","1","1","1","2","0","0",".247",".296",".353",".649",".283","999.0","15905"
"Jarrod Dyson","Diamondbacks","75","260","230","54","8","4","2","32","14","23","39","16","3",".237",".312",".326",".638",".283","574.5","4866"
"Roman Quinn","Phillies","65","262","237","55","9","2","4","31","20","19","69","12","3",".234",".297",".345",".642",".282","502.2","13546"
"Wilmer Difo","Nationals","50","179","163","39","7","1","3","19","17","13","35","4","1",".241",".299",".351",".650",".282","594.6","14320"
"Nick Dini","Royals","8","31","29","7","2","0","1","3","3","2","6","0","0",".239",".287",".363",".649",".282","999.0","sa875718"
"Jose Lobaton","Mariners","5","19","17","4","1","0","0","2","2","2","5","0","0",".219",".297",".347",".644",".282","999.0","4243"
"Jacob Nottingham","Brewers","2","6","5","1","0","0","0","1","1","0","2","0","0",".212",".279",".369",".649",".282","600.9","16448"
"Tyrone Taylor","Brewers","10","42","39","9","2","0","1","4","4","2","9","1","0",".229",".278",".374",".652",".282","999.0","sa657979"
"Abiatal Avelino","Giants","5","21","19","5","1","0","0","2","2","1","5","0","0",".242",".288",".359",".647",".282","999.0","15496"
"Kevin Newman","Pirates","66","286","264","67","14","1","3","28","26","16","43","6","1",".254",".300",".348",".648",".282","593.5","17696"
"David Freitas","Mariners","44","170","154","36","8","0","3","16","17","12","38","1","0",".231",".294",".346",".640",".281","999.0","10619"
"Kelvin Gutierrez","Royals","2","7","6","2","0","0","0","1","1","0","2","0","0",".242",".292",".351",".643",".281","999.0","sa736855"
"Dawel Lugo","Tigers","3","14","13","3","1","0","0","1","1","1","2","0","0",".256",".286",".364",".650",".281","999.0","14713"
"Luis Guillorme","Mets","15","43","38","9","2","0","0","4","3","4","7","0","0",".246",".313",".316",".629",".281","999.0","16451"
"Jason Vosler","Padres","2","7","6","1","0","0","0","1","1","1","2","0","0",".211",".279",".365",".644",".281","999.0","sa829190"
"Raffy Lopez","Braves","13","34","31","6","1","0","1","3","4","3","11","0","0",".207",".281",".366",".647",".281","999.0","12606"
"Dylan Cozens","Phillies","11","29","26","5","1","0","1","3","4","3","13","0","0",".187",".271",".377",".647",".280","999.0","15115"
"Jacob Stallings","Pirates","8","32","29","7","2","0","1","3","3","2","7","0","0",".236",".287",".357",".644",".280","999.0","13723"
"Willi Castro","Tigers","8","34","32","8","2","0","1","4","3","2","8","1","0",".241",".285",".363",".648",".280","999.0","sa830274"
"Luis Alexander Basabe","White Sox","5","20","18","4","1","0","0","2","2","2","7","0","0",".213",".287",".353",".640",".280","999.0","sa736915"
"Erik Kratz","Brewers","13","51","47","10","2","0","2","5","6","3","13","0","0",".218",".274",".374",".648",".280","999.0","4403"
"Martin Maldonado","","81","320","288","64","12","1","8","32","31","18","80","2","1",".222",".286",".354",".640",".280","575.2","6887"
"Juan Lagares","Mets","63","271","249","60","11","2","4","27","23","15","57","5","2",".241",".290",".353",".643",".280","599.9","5384"
"Taylor Davis","Cubs","3","13","12","3","1","0","0","1","1","1","2","0","0",".240",".297",".341",".638",".280","999.0","12782"
"Drew Robinson","Cardinals","24","65","58","11","3","0","2","7","7","7","25","1","0",".194",".281",".357",".638",".280","999.0","11761"
"Michael Perez","Rays","42","164","150","34","8","1","3","15","17","12","41","1","0",".226",".285",".358",".643",".280","598.3","12977"
"Tyler Saladino","Brewers","29","86","78","17","3","0","2","9","8","6","22","2","0",".223",".287",".350",".638",".280","999.0","10807"
"Scott Kingery","Phillies","107","344","319","74","15","2","9","36","35","19","88","8","1",".231",".278",".369",".647",".280","422.7","17975"
"Cam Gallagher","Royals","49","186","169","40","9","0","3","16","18","13","31","1","0",".235",".293",".347",".640",".280","598.1","12981"
"Edmundo Sosa","Cardinals","5","21","20","5","1","0","0","2","2","1","5","0","0",".242",".286",".360",".645",".280","999.0","17022"
"Victor Reyes","Tigers","45","191","179","46","8","2","2","20","16","9","38","5","1",".254",".292",".352",".644",".280","600.5","15487"
"Raudy Read","Nationals","2","6","6","1","0","0","0","1","1","0","1","0","0",".233",".279",".367",".646",".280","999.0","15766"
"Orlando Arcia","Brewers","130","562","522","126","25","2","11","59","53","32","121","12","3",".242",".287",".359",".647",".279","475.6","13185"
"J.T. Riddle","Marlins","113","477","441","105","19","2","10","44","42","29","100","3","1",".238",".285",".360",".645",".279","593.4","17642"
"Cole Tucker","Pirates","8","35","32","7","2","0","0","4","3","3","8","1","0",".233",".296",".342",".637",".279","600.8","sa828671"
"Oscar Mercado","Indians","16","70","64","15","3","0","1","8","6","5","15","3","1",".233",".292",".344",".637",".279","598.7","sa737612"
"Austin Wynns","Orioles","97","370","338","78","15","1","8","34","33","25","88","1","0",".231",".288",".348",".636",".279","591.1","15271"
"Ronald Torreyes","Twins","11","48","45","12","2","0","0","5","4","2","6","0","0",".259",".297",".341",".638",".279","999.0","11400"
"Jeff Mathis","Rangers","97","380","345","77","16","2","8","38","36","29","106","2","1",".223",".286",".349",".636",".278","599.7","3448"
"Lane Thomas","Cardinals","3","14","13","3","1","0","0","2","1","1","4","0","0",".216",".279",".358",".637",".278","999.0","sa828962"
"Dylan Moore","Mariners","41","172","155","34","8","1","4","17","16","13","40","4","1",".219",".288",".349",".637",".278","999.0","sa875186"
"Eric Haase","Indians","8","32","29","6","1","0","1","3","4","2","12","0","0",".202",".266",".375",".641",".278","999.0","14111"
"Brett Phillips","Royals","113","475","425","88","20","4","12","48","45","42","174","7","2",".207",".282",".355",".637",".278","597.3","14735"
"Sandy Leon","Red Sox","49","194","175","39","8","1","4","20","20","14","49","1","0",".221",".285",".350",".635",".278","599.1","5273"
"Alex Jackson","Braves","3","13","12","2","1","0","0","1","2","1","5","0","0",".206",".272",".370",".642",".278","999.0","sa828663"
"Richard Urena","Blue Jays","19","82","76","18","4","0","2","8","8","4","20","1","0",".236",".278",".366",".644",".278","999.0","16411"
"Billy Hamilton","Royals","138","577","523","125","20","6","5","68","34","44","120","44","8",".239",".299",".329",".628",".277","155.4","10199"
"Drew Jackson","Orioles","41","169","150","32","7","0","4","17","13","14","48","4","1",".214",".291",".334",".625",".277","999.0","sa659066"
"Rosell Herrera","Marlins","32","117","106","25","5","1","2","11","8","9","26","3","1",".235",".295",".334",".629",".277","999.0","11611"
"Anthony Alford","Blue Jays","16","68","62","13","3","0","1","7","5","5","22","2","0",".219",".290",".335",".625",".276","999.0","14329"
"Sam Hilliard","Rockies","2","7","6","1","0","0","0","1","1","1","2","0","0",".219",".284",".350",".634",".276","999.0","sa829542"
"Isan Diaz","Marlins","2","7","6","1","0","0","0","1","1","1","2","0","0",".203",".286",".341",".627",".276","999.0","sa828704"
"Ryder Jones","Giants","2","7","6","1","0","0","0","1","1","0","2","0","0",".223",".278",".359",".636",".276","999.0","15982"
"Aramis Garcia","Giants","8","32","29","6","1","0","1","3","3","2","10","0","0",".221",".269",".364",".634",".275","588.0","16925"
"Pedro Severino","Nationals","2","6","6","1","0","0","0","1","1","0","1","0","0",".227",".279",".354",".633",".275","999.0","14523"
"Mitch Walding","Phillies","23","79","69","13","3","0","2","8","8","9","32","0","0",".186",".281",".339",".620",".275","999.0","13006"
"Luis Barrera","Athletics","2","7","6","1","0","0","0","1","1","0","2","0","0",".236",".289",".339",".628",".275","999.0","sa736690"
"Adeiny Hechavarria","Mets","16","50","46","11","2","0","1","5","5","3","9","0","0",".241",".283",".353",".636",".275","999.0","10459"
"Jose Trevino","Rangers","32","127","119","28","6","0","2","12","13","6","20","0","0",".238",".278",".357",".635",".275","601.0","16725"
"Erik Gonzalez","Pirates","110","454","425","99","21","3","10","47","44","21","127","8","2",".233",".271",".363",".635",".274","594.0","13369"
"Hanser Alberto","Orioles","11","47","45","11","2","0","1","4","4","2","6","0","0",".248",".278",".357",".635",".274","999.0","11902"
"Chris Shaw","Giants","32","119","109","23","6","0","3","11","13","8","43","0","0",".210",".267",".364",".632",".274","600.3","17738"
"Jorge Alfaro","Marlins","130","499","461","102","20","2","12","45","47","24","179","3","1",".222",".275",".355",".631",".274","242.4","12180"
"Sergio Alcantara","Tigers","11","48","43","10","2","0","0","5","4","4","10","1","0",".238",".297",".322",".619",".273","999.0","sa739641"
"Peter O'Brien","Marlins","89","375","340","64","14","1","16","35","44","29","151","1","0",".189",".258",".374",".632",".273","567.4","13288"
"Richie Martin","Orioles","49","202","184","42","8","1","3","19","15","14","48","4","1",".227",".291",".326",".617",".272","586.4","sa659080"
"Andrew Stevenson","Nationals","21","72","65","15","3","0","1","8","6","5","19","2","0",".230",".289",".329",".618",".272","999.0","17932"
"Adolis Garcia","Cardinals","5","21","20","4","1","0","1","2","2","1","6","0","0",".219",".262",".372",".633",".272","999.0","19287"
"Jose Briceno","Angels","16","64","59","13","3","0","2","7","7","3","16","1","0",".214",".259",".372",".631",".272","999.0","13151"
"Jose Siri","Reds","3","14","13","3","1","0","0","2","1","1","5","0","0",".213",".258",".374",".632",".272","999.0","sa736940"
"Skye Bolt","Athletics","2","7","6","1","0","0","0","1","1","1","2","0","0",".205",".279",".338",".617",".271","999.0","sa658783"
"Ryan Cordell","White Sox","8","34","31","7","1","0","1","3","3","2","10","1","0",".213",".267",".355",".622",".270","999.0","15181"
"Andrew Velazquez","Rays","3","14","13","3","1","0","0","1","1","1","4","0","0",".222",".275",".342",".617",".270","999.0","14196"
"Luke Maile","Blue Jays","24","94","85","18","4","0","2","9","8","7","25","1","0",".213",".277",".335",".612",".270","598.9","13355"
"Caleb Joseph","Diamondbacks","8","32","29","7","1","0","1","3","3","2","8","0","0",".227",".273",".343",".616",".269","600.6","7087"
"Beau Taylor","Athletics","8","32","28","6","1","0","0","3","2","3","9","0","0",".206",".291",".310",".601",".269","999.0","12384"
"Alcides Escobar","Orioles","57","236","220","53","9","1","3","21","18","10","38","4","1",".242",".280",".333",".613",".268","597.3","6310"
"Kaleb Cowart","Angels","2","7","6","1","0","0","0","1","1","1","2","0","0",".213",".274",".336",".610",".267","999.0","11494"
"Nick Ciuffo","Rays","6","26","24","5","1","0","0","2","2","2","7","0","0",".224",".273",".340",".613",".267","999.0","16291"
"Adam Engel","White Sox","118","497","452","96","20","3","10","53","36","30","149","18","3",".212",".272",".335",".606",".267","581.5","15082"
"Steve Wilkerson","Orioles","41","169","153","33","6","0","3","15","13","12","49","2","1",".218",".280",".324",".604",".267","999.0","16041"
"Chad Wallach","Marlins","32","125","112","23","5","0","3","11","10","10","39","1","0",".206",".276",".328",".604",".267","600.7","17161"
"Eric Stamets","Indians","3","14","13","3","1","0","0","1","1","1","4","0","0",".206",".269",".333",".602",".265","999.0","sa621787"
"Tomas Nido","Mets","3","13","12","3","1","0","0","1","1","1","3","0","0",".227",".267",".341",".608",".264","999.0","13755"
"Keon Broxton","Mets","94","363","325","60","12","2","11","41","32","33","154","13","3",".185",".265",".332",".597",".264","523.6","9253"
"Andrew Romine","","122","525","478","110","19","2","5","51","37","33","123","9","4",".229",".286",".307",".593",".263","999.0","1159"
"Bobby Wilson","Tigers","32","125","113","24","5","0","3","11","11","9","32","1","0",".209",".270",".327",".597",".262","999.0","6564"
"Blake Trahan","Reds","3","14","13","3","1","0","0","1","1","1","3","0","0",".221",".283",".310",".593",".262","999.0","17588"
"Arquimedes Gamboa","Phillies","2","7","6","1","0","0","0","1","1","1","2","0","0",".207",".275",".319",".594",".262","999.0","sa877497"
"Jorge Mateo","Athletics","3","14","13","3","1","0","0","2","1","1","4","1","0",".213",".263",".335",".599",".260","599.5","sa657910"
"Adrian Sanchez","Nationals","16","51","47","11","2","0","1","5","5","2","10","1","0",".230",".271",".326",".597",".260","999.0","11338"
"Rajai Davis","Mets","5","21","19","4","1","0","0","2","1","1","5","1","0",".216",".267",".311",".578",".255","595.3","3708"
"Rocky Gale","Dodgers","2","6","6","1","0","0","0","1","1","0","1","0","0",".227",".269",".309",".579",".254","999.0","10533"
"Magneuris Sierra","Marlins","21","69","65","15","3","0","1","6","4","3","16","2","0",".234",".272",".308",".580",".254","600.6","17023"
"Jhonatan Solano","","81","320","296","65","13","1","4","28","27","16","49","1","1",".220",".267",".310",".577",".253","999.0","7515"
"Kristopher Negron","Mariners","6","28","25","5","1","0","1","3","2","2","9","0","0",".197",".261",".309",".571",".253","999.0","5306"
"Monte Harrison","Marlins","3","14","12","2","0","0","0","1","1","1","6","0","0",".194",".257",".316",".572",".253","999.0","sa828691"
"Terrance Gore","Royals","2","7","6","1","0","0","0","1","0","0","2","0","0",".213",".277",".283",".560",".251","597.9","13658"
"Ichiro Suzuki","Mariners","2","7","7","2","0","0","0","1","0","0","1","0","0",".231",".257",".307",".565",".245","999.0","1101"
"Javier Guerra","Padres","3","14","13","2","1","0","0","1","1","1","5","0","0",".188",".239",".308",".547",".239","999.0","17292"
"Michael Lorenzen","Reds","8","15","14","2","0","0","0","1","0","0","6","0","0",".136",".168",".218",".386",".169","599.6","14843"
