"Player","Team","Positions","IP","K","W","L","ERA","WHIP","ER","H","BB","HR","G","GS","QS","CG","Own"
"Max Scherzer","WSH","SP","207.6","269","16","8","2.90","1.00","67","154","54","26","32","32","26","2","99%"
"Chris Sale","BOS","SP","184.6","248","15","6","2.61","0.97","54","139","40","18","29","29","22","0","99%"
"Jacob deGrom","NYM","SP","207.8","248","15","8","2.72","1.05","63","167","51","19","32","32","26","1","99%"
"Justin Verlander","HOU","SP","200.8","244","15","8","3.15","1.05","70","160","50","27","32","31","23","1","99%"
"Gerrit Cole","HOU","SP","196.9","238","14","8","3.35","1.14","73","165","60","23","32","32","21","1","99%"
"Corey Kluber","CLE","SP","207.1","220","16","8","3.22","1.07","74","180","42","24","32","32","23","3","99%"
"Aaron Nola","PHI","SP","196.6","211","14","9","3.21","1.13","70","168","55","21","32","32","23","0","99%"
"Blake Snell","TB","SP","182.9","217","14","8","3.17","1.18","64","144","72","19","32","32","21","0","99%"
"Trevor Bauer","CLE","SP","189.4","220","14","8","3.33","1.18","70","162","62","20","31","31","21","0","99%"
"Carlos Carrasco","CLE","SP","192.4","218","15","8","3.32","1.12","71","170","45","23","31","31","20","2","99%"
"Noah Syndergaard","NYM","SP","177.4","184","12","8","3.27","1.16","65","162","45","15","29","29","20","2","99%"
"Walker Buehler","LAD","SP","165.2","184","12","7","3.18","1.13","58","135","52","17","29","29","19","0","99%"
"Luis Severino","NYY","SP","170.6","194","14","7","3.32","1.13","63","148","44","20","29","29","18","1","99%"
"James Paxton","NYY","SP","166.8","198","13","7","3.46","1.14","64","145","46","21","28","28","17","2","98%"
"Patrick Corbin","WSH","SP","185.7","200","13","8","3.44","1.20","71","171","52","21","32","31","20","1","99%"
"Stephen Strasburg","WSH","SP","162.1","185","12","8","3.45","1.17","62","142","47","20","27","27","17","0","99%"
"Clayton Kershaw","LAD","SP","156.2","156","11","6","3.00","1.06","52","134","31","17","24","24","18","0","94%"
"Zack Greinke","ARI","SP","196.5","188","13","10","3.72","1.17","81","183","48","27","31","31","19","0","99%"
"Jameson Taillon","PIT","SP","186.8","174","12","10","3.68","1.23","76","181","48","21","32","32","19","2","98%"
"Jack Flaherty","STL","SP","169.4","191","12","8","3.49","1.19","66","141","60","21","30","30","16","0","98%"
"Mike Clevinger","CLE","SP","180.5","193","13","9","3.69","1.24","74","157","68","22","30","30","19","1","99%"
"Jose Berrios","MIN","SP","188.4","191","13","10","3.91","1.24","82","170","63","25","32","32","18","2","98%"
"David Price","BOS","SP","177.1","176","13","8","3.79","1.21","75","163","51","23","29","29","18","1","98%"
"Zack Wheeler","NYM","SP","176.9","175","11","9","3.61","1.24","71","159","60","19","29","29","19","0","91%"
"German Marquez","COL","SP","184.6","200","12","10","3.91","1.27","80","180","54","25","32","32","18","0","85%"
"Miles Mikolas","STL","SP","191.5","150","13","9","3.62","1.19","77","191","36","22","31","31","20","1","86%"
"Madison Bumgarner","SF","SP","179.1","159","10","10","3.79","1.23","75","169","51","25","29","29","19","1","87%"
"Luis Castillo","CIN","SP","166.4","167","10","9","3.96","1.23","73","154","51","25","30","30","16","0","83%"
"Charlie Morton","TB","SP","157.4","175","11","7","3.43","1.21","60","133","58","15","27","27","17","0","86%"
"Masahiro Tanaka","NYY","SP","162.0","163","12","8","3.85","1.18","69","153","37","24","28","28","17","1","91%"
"Robbie Ray","ARI","SP","163.4","210","10","8","3.76","1.30","68","136","76","21","30","30","15","0","85%"
"Mike Foltynewicz","ATL","SP","173.2","181","12","9","3.74","1.24","72","153","63","23","30","30","15","1","87%"
"Chris Archer","PIT","SP","179.9","199","11","9","3.80","1.27","76","171","57","22","31","31","17","0","85%"
"Kyle Hendricks","CHC","SP","186.7","157","13","9","3.74","1.20","78","178","47","23","31","31","18","0","85%"
"Yu Darvish","CHC","SP","136.6","155","9","7","3.83","1.24","58","119","50","19","24","24","14","0","82%"
"Rich Hill","LAD","SP","139.9","153","10","7","3.52","1.16","55","115","47","19","25","25","13","0","74%"
"Nick Pivetta","PHI","SP","158.1","173","10","10","4.08","1.28","72","151","52","23","30","30","14","0","71%"
"Shane Bieber","CLE","SP","156.5","148","11","8","3.86","1.24","67","163","31","18","27","27","16","0","78%"
"Cole Hamels","CHC","SP","179.4","172","12","9","3.87","1.27","77","164","64","22","30","30","18","1","84%"
"J.A. Happ","NYY","SP","165.9","168","12","8","3.86","1.22","71","151","52","25","29","29","16","0","85%"
"Eduardo Rodriguez","BOS","SP","145.0","158","10","7","3.93","1.26","63","133","50","20","28","27","14","0","83%"
"Andrew Heaney","LAA","SP","171.9","170","11","9","3.93","1.22","75","164","45","25","29","29","17","1","75%"
"Dallas Keuchel","","SP","177.5","138","12","9","3.64","1.27","72","174","51","17","30","30","18","1","83%"
"Tyler Glasnow","TB","SP,RP","135.6","160","8","8","3.95","1.32","60","115","64","17","26","26","13","0","59%"
"Jose Quintana","CHC","SP","177.6","169","12","9","3.91","1.28","77","167","61","22","31","31","16","0","80%"
"Nathan Eovaldi","BOS","SP","143.0","130","10","7","3.90","1.23","62","142","34","18","27","27","14","0","72%"
"Rick Porcello","BOS","SP","184.0","170","13","9","4.15","1.23","85","182","44","27","31","31","16","1","85%"
"Kenta Maeda","LAD","SP","135.0","147","10","7","3.68","1.20","55","121","41","17","29","23","9","0","64%"
"Carlos Martinez","STL","SP","143.8","140","9","7","3.55","1.28","57","128","56","14","32","21","14","1","65%"
"Hyun-Jin Ryu","LAD","SP","118.0","116","8","6","3.57","1.20","47","110","31","16","22","22","13","0","61%"
"Tyler Skaggs","LAA","SP","141.9","139","9","8","4.00","1.31","63","139","47","17","26","26","15","0","52%"
"Jon Gray","COL","SP","162.4","166","10","9","4.13","1.31","74","162","50","21","28","28","14","0","66%"
"Jake Arrieta","PHI","SP","172.4","153","11","10","3.99","1.27","76","161","58","23","30","30","16","0","78%"
"Ross Stripling","LAD","SP,RP","114.3","117","8","6","3.49","1.18","44","108","27","14","36","16","9","0","62%"
"Alex Wood","CIN","SP","148.7","137","9","8","3.85","1.26","64","144","44","18","26","26","15","0","59%"
"Joe Musgrove","PIT","SP","152.4","132","10","9","4.00","1.26","68","156","36","20","28","27","15","0","32%"
"Jon Lester","CHC","SP","180.3","159","12","10","4.06","1.32","81","176","62","25","31","31","18","0","82%"
"Joey Lucchesi","SD","SP","158.1","161","10","10","3.91","1.27","69","149","52","20","29","29","14","0","57%"
"Kyle Freeland","COL","SP","187.9","152","12","10","4.18","1.38","87","193","67","24","32","32","18","0","77%"
"Kevin Gausman","ATL","SP","176.5","156","11","10","4.16","1.31","82","178","54","23","30","30","16","0","71%"
"Yusei Kikuchi","SEA","SP","152.7","143","9","9","4.01","1.30","68","142","56","20","26","26","16","0","71%"
"Alex Reyes","STL","SP","86.6","92","6","5","3.82","1.32","37","75","40","11","18","17","8","0","44%"
"Zack Godley","ARI","SP","172.9","172","11","10","4.10","1.37","79","166","71","19","31","31","16","0","54%"
"Josh James","HOU","SP","103.9","119","7","5","3.92","1.30","45","91","44","13","26","20","6","0","25%"
"Jimmy Nelson","MIL","SP","126.5","124","8","7","3.95","1.31","56","122","44","14","21","21","15","1","13%"
"Sean Newcomb","ATL","SP","163.2","164","11","9","4.07","1.38","74","147","79","20","30","30","16","0","69%"
"Steven Matz","NYM","SP","152.7","144","8","9","3.95","1.28","67","143","53","20","28","28","13","0","26%"
"Collin McHugh","HOU","RP,SP","143.1","149","10","7","3.86","1.25","61","135","44","19","29","24","15","0",""
"Marco Gonzales","SEA","SP","166.9","142","10","10","3.96","1.28","73","173","40","22","30","30","15","1","54%"
"Jesus Luzardo","OAK","SP","115.4","107","8","6","3.90","1.29","50","110","39","13","20","20","12","0","26%"
"Sonny Gray","CIN","SP","147.2","139","9","9","4.16","1.37","68","144","57","18","28","28","14","0","21%"
"Michael Fulmer","DET","SP","167.5","140","9","10","4.22","1.29","79","165","51","21","29","29","16","1","19%"
"Kyle Gibson","MIN","SP","186.5","162","11","11","4.21","1.39","87","188","71","23","31","31","17","0","29%"
"Luke Weaver","ARI","SP","140.8","134","8","9","4.32","1.37","68","144","49","18","26","25","12","0","18%"
"Dylan Bundy","BAL","SP","175.3","174","9","13","4.69","1.32","91","177","55","33","31","31","16","1","27%"
"Carlos Rodon","CWS","SP","158.7","143","9","9","4.33","1.36","76","147","69","21","27","27","15","0","38%"
"Marcus Stroman","TOR","SP","166.1","130","10","9","4.10","1.36","76","172","53","16","28","28","16","1","20%"
"Julio Urias","LAD","SP","74.2","74","5","4","3.73","1.32","31","66","31","9","19","12","4","0","17%"
"Matthew Boyd","DET","SP","167.1","152","9","11","4.49","1.30","83","164","54","27","30","30","15","1","11%"
"Michael Wacha","STL","SP","133.2","117","9","7","4.12","1.36","61","131","49","16","24","24","14","1","29%"
"Jhoulys Chacin","MIL","SP","181.9","151","11","10","4.16","1.32","84","172","69","24","32","32","16","0","48%"
"Anibal Sanchez","WSH","SP","140.5","136","8","8","4.23","1.29","66","136","44","22","26","26","14","0","14%"
"Seranthony Dominguez","PHI","SP,RP","66.3","84","4","3","3.18","1.15","23","48","28","6","64","0","0","0",""
"Mike Minor","TEX","SP","163.0","145","10","10","4.31","1.24","78","156","47","26","28","28","15","0","13%"
"Freddy Peralta","MIL","SP","83.1","100","6","5","3.97","1.28","37","63","43","12","18","17","7","0","12%"
"Forrest Whitley","HOU","SP","63.4","67","4","3","4.02","1.29","28","55","27","8","13","12","6","0","13%"
"Mike Soroka","ATL","SP","78.5","67","5","5","4.09","1.35","36","83","23","7","13","13","7","0","5%"
"Vince Velasquez","PHI","SP","137.6","147","8","8","4.21","1.33","64","129","54","21","26","26","11","0","5%"
"Michael Pineda","MIN","SP","123.5","120","8","6","4.22","1.30","58","128","32","16","21","21","12","0","6%"
"Reynaldo Lopez","CWS","SP","169.6","143","8","11","4.59","1.37","86","165","68","27","30","30","16","0","20%"
"Julio Teheran","ATL","SP","169.9","151","9","10","4.43","1.31","84","154","69","26","29","29","17","0","48%"
"Jake Junis","KC","SP","177.3","159","10","11","4.36","1.28","86","181","46","28","31","31","16","1","15%"
"Dereck Rodriguez","SF","SP","147.7","114","8","8","4.12","1.32","68","147","47","19","27","27","19","0","23%"
"Danny Duffy","KC","SP","166.7","151","9","10","4.20","1.34","78","163","60","23","29","29","14","0","3%"
"Chase Anderson","MIL","SP","151.8","130","9","9","4.35","1.29","73","143","53","26","27","27","14","0","13%"
"Trevor May","MIN","SP,RP","59.6","73","3","3","3.85","1.24","26","55","19","7","59","0","0","0",""
"Jeff Samardzija","SF","SP","143.0","118","7","9","4.32","1.30","69","143","43","20","24","24","12","1","2%"
"Tanner Roark","CIN","SP","163.2","140","10","10","4.35","1.31","79","161","53","23","27","27","17","0","11%"
"Trevor Richards","MIA","SP","132.6","126","7","9","4.06","1.34","60","129","49","17","26","25","12","0","3%"
"Shohei Ohtani","LAA","SP,DH","26.1","31","2","3","5.69","1.74","17","34","12","5","8","8","0","0",""
"Trevor Williams","PIT","SP","155.1","117","10","9","4.16","1.34","72","156","52","19","28","28","16","1","25%"
"Matt Strahm","SD","SP,RP","89.4","101","5","5","3.68","1.26","37","80","33","10","54","8","8","0","22%"
"Brad Peacock","HOU","RP,SP","96.1","118","6","4","3.69","1.25","39","84","36","13","48","11","8","0",""
"Jake Odorizzi","MIN","SP","159.8","149","9","9","4.52","1.35","80","153","63","26","30","30","13","0","4%"
"Touki Toussaint","ATL","SP","114.9","113","7","7","4.13","1.37","53","105","53","13","21","21","12","0","8%"
"Zach Eflin","PHI","SP,RP","140.7","125","9","9","4.43","1.31","69","145","40","22","27","27","13","0","18%"
"Mike Fiers","OAK","SP","157.0","132","9","9","4.41","1.29","77","157","46","25","28","27","14","0","14%"
"Chris Paddack","SD","SP","92.6","92","6","5","3.65","1.21","38","88","23","11","18","17","9","0","17%"
"Aaron Sanchez","TOR","SP","129.3","106","7","8","4.53","1.47","65","130","60","15","24","24","11","0","8%"
"Anthony DeSclafani","CIN","SP","139.5","129","8","9","4.57","1.32","71","145","38","25","26","26","12","0","5%"
"Trevor Cahill","LAA","SP","118.2","109","7","7","4.21","1.38","55","114","49","14","22","21","12","0","3%"
"Caleb Smith","MIA","SP","110.7","116","6","8","4.17","1.34","51","101","46","15","25","20","8","0","2%"
"Gio Gonzalez","","SP","112.9","99","7","7","4.18","1.37","52","106","48","16","23","22","9","0","9%"
"Derek Holland","SF","SP","143.5","128","7","10","4.37","1.41","70","144","59","20","28","27","14","0","4%"
"Tyler Anderson","COL","SP","158.0","146","9","9","4.45","1.34","78","158","53","25","29","29","14","0","3%"
"Merrill Kelly","ARI","SP","116.4","104","7","8","4.77","1.51","62","135","41","17","32","19","14","0","1%"
"Drew Pomeranz","SF","SP","102.9","93","6","7","4.30","1.43","49","101","46","12","23","16","7","0","2%"
"Lucas Giolito","CWS","SP","152.0","117","8","11","5.11","1.46","86","150","73","23","27","27","14","0","4%"
"Jake Faria","TB","SP","58.6","52","3","4","4.63","1.39","30","55","27","10","13","12","5","0","1%"
"Brandon Woodruff","MIL","SP,RP","115.2","108","7","7","4.28","1.35","55","112","44","17","25","23","8","0","5%"
"Danny Salazar","CLE","SP","61.6","74","4","3","3.67","1.26","25","53","24","8","31","7","2","0","2%"
"Dinelson Lamet","SD","SP","59.5","68","4","4","3.98","1.28","26","50","26","9","14","11","3","0","2%"
"Brent Honeywell","TB","SP","64.2","63","4","4","3.95","1.27","28","62","20","9","14","11","3","0","4%"
"Lance Lynn","TEX","SP","150.2","138","9","9","4.44","1.43","74","147","68","19","27","27","13","0","4%"
"Taijuan Walker","ARI","SP","60.4","54","3","4","4.26","1.33","29","59","21","10","13","13","3","0","2%"
"Domingo German","NYY","SP,RP","58.6","65","3","3","4.40","1.31","29","55","22","9","18","9","4","0","2%"
"Nick Kingham","PIT","SP","94.8","79","5","7","4.73","1.35","50","98","31","16","32","15","4","0","1%"
"CC Sabathia","NYY","SP","134.9","117","9","7","4.11","1.32","62","132","46","19","24","24","13","0","9%"
"Johnny Cueto","SF","SP","45.7","38","2","4","5.91","1.74","30","68","12","17","22","22","0","0","6%"
"Matt Harvey","LAA","SP","146.7","117","8","9","4.65","1.35","76","155","43","24","28","27","11","0","5%"
"Brad Keller","KC","SP,RP","157.7","113","9","9","4.06","1.39","71","162","57","15","31","27","16","2","9%"
"Seth Lugo","NYM","SP,RP","82.1","80","4","4","3.60","1.19","33","75","23","11","55","2","0","0","8%"
"Jaime Barria","LAA","SP","122.9","96","8","8","4.41","1.34","60","121","43","19","24","24","10","0","3%"
"Ryan Yarbrough","TB","SP,RP","132.9","113","8","8","4.21","1.32","62","131","44","18","32","14","6","0","11%"
"Justus Sheffield","SEA","SP,RP","95.6","84","5","6","4.42","1.43","47","94","43","13","20","18","7","0","6%"
"Jose Urena","MIA","SP","164.9","124","9","11","4.26","1.33","78","163","56","22","29","29","15","1","4%"
"Yonny Chirinos","TB","SP,RP","108.6","90","6","6","4.08","1.29","49","111","29","16","29","14","6","0","2%"
"Sandy Alcantara","MIA","SP","91.3","73","4","6","4.56","1.47","46","88","46","12","18","17","7","0","3%"
"Mike Leake","SEA","SP","181.7","120","10","11","4.33","1.32","87","202","38","25","31","31","17","0","3%"
"Alex Cobb","BAL","SP","164.6","115","8","12","4.64","1.38","85","182","46","24","29","29","15","1","1%"
"Matt Shoemaker","TOR","SP","115.7","107","6","8","4.48","1.32","58","116","36","18","21","21","8","0","1%"
"Jonathan Loaisiga","NYY","SP","66.8","74","5","3","4.26","1.32","32","65","23","9","22","10","5","0","4%"
"Robbie Erlin","SD","SP,RP","118.8","96","7","8","4.15","1.26","55","125","24","17","25","21","10","0","1%"
"Marco Estrada","OAK","SP","123.5","97","7","8","4.78","1.35","66","122","44","23","23","23","11","0","1%"
"Framber Valdez","HOU","SP","67.6","63","5","4","4.23","1.41","32","61","34","7","18","11","5","0","1%"
"Wade Miley","HOU","SP","111.1","89","7","6","4.33","1.41","53","115","42","15","20","20","9","0","4%"
"Clay Buchholz","TOR","SP","102.0","79","6","6","4.30","1.29","49","101","30","15","17","17","8","1","6%"
"Pablo Lopez","MIA","SP,RP","62.6","49","3","4","3.99","1.27","28","62","17","8","11","11","4","0","0%"
"Jerad Eickhoff","PHI","SP","45.3","44","2","3","4.72","1.40","24","48","15","11","16","9","2","0","0%"
"Jordan Montgomery","NYY","SP","33.6","30","2","2","4.95","1.49","19","38","12","7","7","7","1","0","1%"
"Felix Hernandez","SEA","SP","128.2","103","7","9","4.66","1.37","66","129","46","18","22","22","11","0","4%"
"Tyler Mahle","CIN","SP","78.7","71","4","6","4.79","1.46","42","82","33","16","19","15","3","0","1%"
"Luiz Gohara","ATL","RP, SP","30.9","30","2","2","4.22","1.34","14","30","12","5","7","6","2","0",""
"Sean Manaea","OAK","SP","36.5","27","2","2","4.11","1.26","17","36","10","6","8","7","2","0","7%"
"Drew Smyly","TEX","SP","121.4","109","7","8","4.73","1.36","64","124","40","22","21","21","10","0","1%"
"Daniel Mengden","OAK","SP","118.7","83","7","8","4.56","1.32","60","123","33","16","22","21","13","2","2%"
"A.J. Puk","OAK","SP","53.8","56","3","3","4.20","1.37","25","49","25","6","13","10","3","0","2%"
"Ivan Nova","CWS","SP","158.9","116","9","11","4.60","1.31","81","171","38","27","27","27","15","1","2%"
"Zach Davies","MIL","SP","141.9","106","9","8","4.41","1.37","69","151","44","19","27","27","12","0","1%"
"Andrew Suarez","SF","SP","115.6","92","6","8","4.14","1.30","53","116","34","16","23","22","10","0","1%"
"Joe Ross","WSH","SP","73.3","60","5","4","4.27","1.29","35","73","21","10","14","14","7","0","1%"
"Wei-Yin Chen","MIA","SP","136.5","113","7","10","4.34","1.33","66","137","44","21","26","26","12","0","1%"
"Dan Straily","MIA","SP","148.5","128","7","10","4.62","1.36","76","145","57","27","28","28","13","0","1%"
"Eric Lauer","SD","SP","125.0","111","7","8","4.56","1.47","63","135","49","19","26","25","11","0","1%"
"Wade LeBlanc","SEA","SP,RP","142.6","113","8","9","4.36","1.28","69","143","39","23","25","25","13","0","5%"
"Ervin Santana","CWS","SP","97.1","72","5","7","4.79","1.33","52","98","31","19","18","18","7","2","1%"
"Martin Perez","MIN","SP,RP","115.0","76","7","7","4.70","1.49","60","131","41","13","24","19","9","0","1%"
"Jason Vargas","NYM","SP","113.6","99","7","8","4.53","1.34","57","115","37","20","21","21","10","1","0%"
"Jeremy Hellickson","WSH","SP","113.9","84","7","7","4.60","1.30","58","117","31","19","21","21","9","0","1%"
"Fernando Romero","MIN","SP,RP","67.4","54","3","4","4.35","1.40","33","70","24","9","39","7","1","0","1%"
"Max Fried","ATL","SP,RP","48.8","51","3","3","3.98","1.44","22","45","26","6","25","7","2","0","1%"
"Tyler Chatwood","CHC","SP","61.8","51","3","4","4.81","1.61","33","59","41","7","34","6","1","0","0%"
"Sergio Romo","MIA","SP,RP","59.9","65","3","3","3.90","1.23","26","55","19","8","63","0","0","0","14%"
"Tyson Ross","DET","SP","124.7","98","6","9","4.81","1.45","67","126","54","14","22","21","12","0","1%"
"Nate Karns","BAL","SP","83.8","82","4","5","4.54","1.38","42","84","32","13","13","13","7","0","0%"
"Adam Wainwright","STL","SP","110.6","94","7","7","4.29","1.41","53","116","39","14","27","19","9","0","3%"
"Jharel Cotton","OAK","SP","59.6","52","4","3","4.52","1.33","30","58","21","11","13","12","4","0","0%"
"Chris Stratton","SF","SP","85.0","67","4","6","4.50","1.43","43","89","33","11","33","12","4","0","1%"
"Ryan Borucki","TOR","SP,RP","121.3","90","7","7","4.25","1.37","57","122","44","16","22","22","15","0","2%"
"Logan Allen","SD","SP","52.2","49","3","4","4.33","1.39","25","50","23","8","10","10","4","0","1%"
"Dylan Cease","CWS","SP","40.5","41","2","3","4.42","1.45","20","38","21","6","8","8","1","0","2%"
"Felix Pena","LAA","SP","75.7","71","4","4","4.56","1.36","38","75","28","13","15","14","7","0","0%"
"Erik Swanson","SEA","SP","57.0","54","3","4","4.40","1.31","28","56","19","10","19","9","4","0","0%"
"Caleb Ferguson","LAD","SP,RP","70.1","77","5","4","3.49","1.24","27","62","25","8","44","5","1","0","1%"
"Ian Kennedy","KC","SP","133.4","116","6","9","4.77","1.35","71","134","47","24","28","23","9","0","0%"
"Mitch Keller","PIT","SP","88.6","74","5","6","4.57","1.43","45","90","37","13","16","16","6","0","3%"
"Mike Montgomery","CHC","SP,RP","78.8","61","4","4","3.92","1.34","34","77","28","8","56","4","0","0","1%"
"Josh Tomlin","MIL","SP,RP","46.7","34","3","3","5.06","1.28","26","53","6","13","21","7","2","0","0%"
"Ryne Stanek","TB","SP,RP","53.1","68","3","2","3.65","1.27","22","43","24","6","51","11","0","0","2%"
"Antonio Senzatela","COL","SP,RP","148.3","118","9","9","4.51","1.40","74","155","52","21","29","27","12","0","1%"
"John Gant","STL","SP,RP","74.9","64","4","4","4.19","1.40","35","71","33","10","34","8","1","0","1%"
"Daniel Ponce de Leon","STL","SP,RP","44.4","40","3","3","4.12","1.40","20","41","21","5","10","9","4","0","1%"
"David Paulino","TOR","SP,RP","48.4","50","3","2","4.27","1.32","23","49","15","6","40","2","0","0","0%"
"Erasmo Ramirez","SEA","SP","37.8","27","2","2","4.63","1.28","19","40","9","7","23","3","0","0","0%"
"Carson Fulmer","CWS","SP","59.1","49","3","5","5.83","1.65","38","61","37","12","26","9","2","0","0%"
"Junior Guerra","MIL","SP,RP","69.8","67","3","4","4.19","1.34","32","64","29","11","47","5","1","0","1%"
"Austin Gomber","STL","SP,RP","55.4","49","4","4","4.33","1.43","27","57","22","7","17","8","2","0","1%"
"Stephen Gonsalves","MIN","SP","57.4","49","4","4","4.75","1.53","30","56","32","8","16","11","3","0","0%"
"Jordan Zimmermann","DET","SP","147.4","112","7","10","4.93","1.36","81","164","36","27","27","27","11","0","1%"
"Jeff Hoffman","COL","SP,RP","43.9","36","2","3","5.35","1.54","26","48","20","7","10","9","3","0","0%"
"Matt Moore","DET","SP,RP","105.0","86","5","8","5.24","1.50","61","119","39","17","24","16","6","0","0%"
"Daniel Norris","DET","SP","95.9","91","5","7","4.91","1.49","52","102","40","15","21","20","6","0","0%"
"Brandon Finnegan","CIN","SP","29.4","25","2","2","5.40","1.59","18","30","17","6","19","3","0","0","0%"
"Robert Stephenson","CIN","SP","49.4","54","3","4","4.92","1.55","27","47","30","11","40","5","0","0","0%"
"Bryse Wilson","ATL","SP","42.7","41","3","3","4.21","1.36","20","42","16","6","21","6","1","0","0%"
"Adalberto Mejia","MIN","SP","90.5","73","5","4","4.06","1.40","41","91","36","10","28","10","4","0","0%"
"Frankie Montas","OAK","SP","104.8","83","6","7","4.51","1.43","53","110","40","14","25","19","8","0","1%"
"Thomas Pannone","TOR","SP,RP","52.6","42","3","4","5.30","1.44","31","57","19","11","16","9","3","0","0%"
"Shelby Miller","TEX","SP","113.3","97","6","8","4.98","1.44","63","117","46","17","20","20","8","0","0%"
"Matt Andriese","ARI","SP,RP","86.8","79","4","5","4.54","1.34","44","90","26","14","30","11","2","0","0%"
"Ben Lively","KC","SP,RP","40.9","29","2","3","4.60","1.39","21","43","14","6","16","6","0","0","0%"
"Rogelio Armenteros","HOU","SP","38.1","37","3","2","4.59","1.42","19","38","16","8","9","8","2","0","0%"
"Manny Banuelos","CWS","SP","64.2","58","3","4","4.67","1.50","33","64","32","7","25","7","6","0","0%"
"Taylor Widener","ARI","SP","73.0","69","5","5","4.55","1.55","37","68","45","10","18","18","3","0","1%"
"Jon Duplantier","ARI","SP","52.9","50","3","3","4.20","1.45","25","51","26","9","12","12","1","0","1%"
"Francisco Liriano","PIT","SP","56.4","53","3","3","4.53","1.48","28","55","28","7","30","6","2","0","0%"
"Dane Dunning","CWS","SP","44.0","38","3","3","4.35","1.36","21","44","16","6","8","8","2","0","1%"
"Brett Anderson","OAK","SP,RP","77.7","51","5","5","4.44","1.40","38","89","20","8","18","14","7","0","1%"
"Wilmer Font","TB","SP,RP","47.9","47","2","3","4.78","1.36","25","49","17","9","35","3","0","0","0%"
"Dylan Floro","LAD","SP,RP","56.3","47","3","3","3.79","1.38","24","60","18","6","49","0","0","0",""
"Edinson Volquez","TEX","SP","114.1","89","6","8","4.95","1.50","63","120","52","15","19","19","9","2","0%"
"Yohander Mendez","TEX","SP","87.6","65","4","7","5.85","1.58","57","100","38","21","21","18","4","0","0%"
"Dennis Santana","LAD","SP,RP","49.7","52","3","3","4.19","1.38","23","47","22","6","11","8","3","0","0%"
"Steven Wright","BOS","SP,RP","55.2","43","3","3","4.33","1.38","27","55","21","9","37","4","2","0","1%"
"Luis Ortiz","BAL","SP","42.3","28","2","3","5.37","1.50","25","47","16","8","10","9","4","0","0%"
"Jordan Lyles","PIT","SP,RP","92.4","79","4","6","4.36","1.36","45","95","31","11","39","9","8","0","0%"
"Brett Kennedy","SD","SP","74.3","61","4","5","4.47","1.38","37","76","26","13","23","16","3","0","0%"
"Clayton Richard","TOR","SP","139.8","98","7","9","4.75","1.49","74","157","51","17","23","22","12","1","0%"
"Trevor Oaks","KC","SP","43.7","24","3","3","4.50","1.48","22","50","14","6","12","8","1","0","0%"
"Chris Bassitt","OAK","SP","76.9","64","4","5","4.41","1.40","38","78","30","9","26","14","6","0","0%"
"Bryan Mitchell","SD","SP,RP","86.0","59","4","5","4.66","1.50","45","92","37","9","26","9","7","0","0%"
"Andrew Triggs","OAK","SP","31.9","29","2","2","4.31","1.31","15","31","11","4","6","6","2","0","0%"
"Josh Rogers","BAL","SP","76.1","50","4","6","5.41","1.54","46","91","26","12","18","13","6","0","0%"
"Sean Reid-Foley","TOR","SP","77.6","80","5","6","4.51","1.41","39","73","37","12","17","16","7","0","0%"
"Corey Oswalt","NYM","SP,RP","44.3","34","2","3","5.09","1.41","25","47","16","9","11","8","2","0","0%"
"Blaine Hardy","DET","SP,RP","56.8","47","3","2","3.83","1.25","24","55","16","8","39","4","1","0","0%"
"Kyle Wright","ATL","SP","45.7","39","3","3","4.29","1.44","22","45","21","6","15","7","2","0","3%"
"Nick Tropeano","LAA","SP","72.3","64","4","5","4.68","1.35","38","68","29","10","10","10","5","0","0%"
"Kolby Allard","ATL","SP","36.9","28","2","2","4.48","1.43","18","39","14","5","7","7","2","0","1%"
"Yefry Ramirez","BAL","SP,RP","58.8","53","2","5","5.14","1.45","34","59","27","13","25","9","2","0","0%"
"Adam Plutko","CLE","SP,RP","56.6","47","3","3","4.95","1.34","31","58","18","10","28","7","2","0","0%"
"Bartolo Colon","","SP","88.7","52","5","6","5.23","1.41","52","107","19","19","18","18","10","1","0%"
"Andrew Cashner","BAL","SP","156.9","101","7","12","5.21","1.53","91","176","64","25","28","28","13","0","0%"
"Spencer Turnbull","DET","SP","37.3","32","2","2","4.47","1.43","19","38","16","5","17","7","1","0","0%"
"Lewis Thorpe","MIN","SP","49.7","46","3","3","4.58","1.39","25","51","18","10","15","9","1","0","0%"
"Dylan Covey","CWS","SP,RP","90.7","66","5","7","4.89","1.48","49","95","40","13","22","17","5","0","0%"
"Luis Perdomo","SD","SP","49.4","38","2","4","4.58","1.46","25","53","19","7","14","9","2","0","0%"
"Erick Fedde","WSH","SP","61.0","53","4","4","4.59","1.44","31","65","22","8","15","12","3","0","0%"
"Steven Brault","PIT","SP,RP","62.3","56","3","4","4.23","1.48","29","60","32","7","39","4","2","0","0%"
"Ty Blach","SF","SP,RP","62.7","37","3","4","4.29","1.39","30","68","19","8","30","7","1","0","0%"
"JC Ramirez","LAA","SP","45.9","33","3","3","5.04","1.47","26","51","17","8","11","8","2","0","0%"
"Walker Lockett","NYM","SP,RP","54.8","43","3","3","4.33","1.34","26","57","16","9","21","9","2","0","0%"
"Joe Biagini","TOR","SP,RP","61.2","48","3","4","4.77","1.43","32","67","20","9","52","2","0","0","0%"
"Dillon Peters","LAA","SP","43.5","30","2","3","4.76","1.45","23","48","15","7","9","9","2","0","0%"
"Joe Palumbo","TEX","SP,RP","30.3","25","2","2","4.76","1.48","16","32","13","6","13","5","1","0","0%"
"Tyler Beede","SF","SP","32.1","28","2","3","5.48","1.65","20","34","19","6","13","5","1","0","0%"
"Grant Holmes","OAK","SP","37.9","33","3","3","4.65","1.48","20","38","18","6","13","6","1","0","0%"
"Chance Adams","NYY","SP","38.8","34","2","2","5.17","1.54","22","39","20","8","13","7","1","0","0%"
"Kyle Zimmer","KC","SP,RP","20.6","20","1","1","4.86","1.48","11","20","10","3","19","1","0","0","0%"
"Brock Stewart","LAD","SP,RP","31.1","26","2","2","5.08","1.50","18","36","11","6","16","6","2","0","0%"
"Williams Perez","STL","SP,RP","68.7","48","4","4","4.33","1.38","33","72","23","7","27","10","0","0","0%"
"Tanner Scott","BAL","SP,RP","51.0","69","2","3","4.17","1.51","24","46","31","4","53","0","0","0",""
"Jordan Yamamoto","MIA","SP","36.0","32","2","2","4.41","1.37","18","35","14","6","8","7","1","0","0%"
"Beau Burrows","DET","SP","43.5","33","2","4","5.18","1.53","25","47","19","8","9","9","1","0","0%"
"Austin Voth","WSH","SP","43.0","37","3","3","5.07","1.50","24","47","17","8","27","6","1","0","0%"
"Daniel Gossett","OAK","SP","56.9","42","4","8","9.66","2.53","61","122","22","16","22","22","0","0","0%"
"Sam Coonrod","SF","SP,RP","43.3","37","2","3","4.64","1.50","22","44","21","7","19","6","0","0","0%"
"Hector Velazquez","BOS","SP,RP","63.9","45","4","3","4.31","1.40","31","69","20","9","42","5","1","0","1%"
"Sam Gaviglio","TOR","SP,RP","75.5","59","3","5","4.72","1.35","40","81","21","13","35","9","2","0","0%"
"J.B. Bukauskas","HOU","SP","31.6","28","2","2","4.62","1.47","16","31","16","5","7","7","1","0","0%"
"Robert Stock","SD","SP,RP","51.9","51","2","3","3.59","1.40","21","51","21","6","48","0","0","0",""
"Peter Lambert","COL","SP","74.4","48","5","5","5.36","1.45","44","89","19","25","15","15","1","0","0%"
"Domingo Acevedo","NYY","SP,RP","33.8","26","2","2","4.97","1.44","19","37","12","8","8","7","1","0","0%"
"Ranger Suarez","PHI","SP,RP","42.2","30","2","2","4.57","1.45","21","45","16","9","11","9","0","0","0%"
"Tommy Milone","SEA","SP","31.4","26","1","2","5.00","1.35","17","35","7","8","7","7","2","0","0%"
"Ariel Miranda","","SP","78.4","63","4","5","4.94","1.46","43","79","35","14","16","15","4","0","0%"
"Sal Romano","CIN","SP,RP","50.0","39","2","3","4.84","1.43","27","54","18","9","29","7","1","0","0%"
"Luis Escobar","PIT","SP","53.4","43","3","4","5.45","1.70","32","56","35","10","19","9","1","0","0%"
"Julian Merryweather","TOR","SP","35.1","27","2","3","5.25","1.45","20","40","11","7","7","6","1","0","0%"
"Jake Jewell","LAA","SP,RP","25.0","19","1","1","4.87","1.54","14","27","12","4","27","0","0","0",""
"Jose De Leon","TB","SP,RP","41.6","42","3","3","4.46","1.33","21","40","16","8","10","7","1","0","0%"
"Henderson Alvarez","WSH","SP","49.2","21","3","3","4.94","1.59","27","56","22","7","21","7","1","0","0%"
"Brian Johnson","BOS","SP,RP","59.9","49","3","3","4.65","1.43","31","62","23","11","14","9","1","0","0%"
"Hector Perez","TOR","SP","62.2","61","3","3","5.25","1.76","36","60","50","12","26","9","0","0","0%"
"Paul Blackburn","OAK","SP","38.3","22","2","2","4.48","1.37","19","42","11","5","8","8","2","0","0%"
"Eric Skoglund","KC","SP","56.3","41","2","4","5.11","1.45","32","63","18","11","16","12","3","0","0%"
"David Hess","BAL","SP,RP","108.0","77","4","9","5.60","1.50","67","120","42","23","23","22","8","0","0%"
"Edwin Jackson","","SP,RP","92.7","70","5","6","4.77","1.43","49","92","41","16","19","16","7","0","1%"
"Ryan Merritt","TB","SP,RP","58.7","40","4","4","4.24","1.32","28","66","11","10","15","12","5","0","0%"
"Hector Santiago","NYM","SP,RP","59.6","57","3","4","4.71","1.46","31","56","31","10","25","7","1","0","0%"
"Jen-Ho Tseng","CHC","SP,RP","50.8","37","3","4","5.29","1.48","30","58","18","14","10","10","1","0","0%"
"Aaron Brooks","OAK","SP,RP","35.6","26","2","2","4.61","1.42","18","39","11","5","13","6","2","0","0%"
"Jeff Brigham","MIA","SP","34.3","28","2","3","4.60","1.45","18","35","15","6","12","6","1","0","0%"
"Jonny Venters","ATL","SP,RP","38.5","33","2","2","3.96","1.43","17","36","19","3","51","0","0","0",""
"Aaron Slegers","PIT","SP","38.2","25","2","3","4.85","1.39","21","43","11","6","17","5","0","0","0%"
"Cody Anderson","CLE","SP,RP","39.3","32","2","2","4.51","1.35","20","41","12","6","20","5","1","0","0%"
"Taylor Clarke","ARI","SP","40.0","33","3","3","4.94","1.43","22","43","14","8","7","7","1","0","0%"
"Duane Underwood Jr.","CHC","SP","39.0","29","2","3","5.17","1.49","22","42","16","8","9","8","1","0","0%"
"Jacob Nix","SD","SP","56.4","38","3","4","4.69","1.38","29","61","16","9","18","11","3","0","0%"
"Andrew Moore","TB","SP,RP","47.2","32","3","4","5.29","1.39","28","52","13","15","11","10","2","0","0%"
"Troy Scribner","ARI","SP","52.5","49","3","4","6.17","1.69","36","57","32","12","19","9","0","0","0%"
"Jesse Hahn","KC","SP","31.2","23","2","2","4.92","1.58","17","36","13","4","16","4","1","0","0%"
"Chase De Jong","MIN","SP","49.6","30","3","3","5.63","1.54","31","58","18","11","12","11","2","0","0%"
"Vladimir Gutierrez","CIN","SP","91.0","78","6","8","5.04","1.41","51","99","30","26","25","25","5","0","0%"
"Hunter Harvey","BAL","SP,RP","32.2","25","1","2","5.21","1.44","19","35","12","5","18","6","1","0","0%"
"Jordan Stephens","CWS","SP","43.6","35","2","3","5.27","1.51","26","47","19","9","9","9","2","0","0%"
"Doug Fister","TEX","SP","73.3","43","4","4","4.28","1.33","35","73","25","10","12","12","6","1","0%"
"Corbin Martin","HOU","SP,RP","66.6","53","4","4","4.78","1.41","35","70","24","18","22","12","1","0","0%"
"Jonathan Hernandez","TEX","SP","42.4","34","2","3","5.42","1.63","26","46","24","8","9","9","1","0","0%"
"Kodi Medeiros","CWS","SP,RP","46.9","40","2","3","4.87","1.60","25","48","27","7","18","7","1","0","0%"
"Dillon Tate","BAL","SP","43.5","27","2","3","5.43","1.56","26","50","17","7","9","8","2","0","0%"
"Ryan Castellani","COL","SP","45.0","28","2","3","6.20","1.74","31","54","24","9","9","9","1","0","0%"
"P.J. Conlon","NYM","SP,RP","37.1","25","1","3","5.03","1.48","21","42","13","8","8","7","1","0","0%"
"Gregory Soto","DET","SP,RP","53.6","41","3","4","5.34","1.80","32","55","42","6","22","9","1","0","0%"
"Brad Wieck","SD","SP,RP","32.2","40","2","2","3.52","1.27","13","26","14","4","29","0","0","0",""
"Conner Greene","KC","SP","39.8","27","2","2","5.12","1.77","23","41","30","3","25","4","0","0","0%"
"Taylor Hearn","TEX","SP,RP","44.9","41","2","3","5.26","1.56","26","47","23","10","10","10","1","0","0%"
"Adrian Sampson","TEX","SP,RP","46.8","28","2","3","5.96","1.58","31","64","10","10","15","11","3","0","0%"
"David Phelps","TOR","SP,RP","40.3","43","2","2","3.94","1.37","18","38","17","5","37","0","0","0","0%"
"Chris Ellis","KC","SP","52.7","43","3","4","5.07","1.47","30","55","23","9","20","8","2","0","0%"
"Jefry Rodriguez","CLE","SP,RP","38.8","32","2","2","5.63","1.72","24","45","22","7","21","6","0","0","0%"
"Christian Bergman","CHC","SP","76.0","47","5","5","5.27","1.43","45","87","23","12","16","14","2","0","0%"
"Chad Bettis","COL","SP,RP","64.9","46","3","3","4.96","1.43","36","70","23","10","41","4","1","0","0%"
"Ryan Carpenter","DET","SP,RP","38.4","30","2","3","5.63","1.48","24","45","12","10","16","8","1","0","0%"
"Kohl Stewart","MIN","SP","46.5","32","2","3","4.68","1.52","24","50","21","6","12","7","1","0","0%"
"Matt Koch","ARI","SP,RP","43.9","25","2","3","5.32","1.42","26","51","12","9","11","6","2","0","0%"
"Albert Abreu","NYY","SP","46.4","36","3","3","5.90","1.68","30","51","27","13","17","10","1","0","0%"
"Yovani Gallardo","","SP","85.5","58","5","5","4.91","1.50","47","91","38","12","16","15","6","0","0%"
"Heath Fillmyer","KC","SP","77.0","54","3","5","5.02","1.48","43","83","31","12","37","9","1","0","0%"
"Ariel Jurado","TEX","SP","65.9","34","4","5","5.26","1.49","39","79","19","11","18","12","5","0","0%"
"Luis Cessa","NYY","SP,RP","55.9","47","3","3","4.65","1.36","29","58","18","9","23","6","1","0","0%"
"Wander Suero","WSH","SP,RP","38.6","37","2","2","4.10","1.36","18","39","14","4","32","0","0","0",""
"Homer Bailey","","SP","30.5","21","2","2","5.73","1.57","19","37","10","5","11","5","2","0","0%"
"Colten Brewer","BOS","SP,RP","29.1","29","2","1","4.42","1.50","14","31","13","3","26","0","0","0",""
"Matt Wisler","CIN","SP,RP","55.3","46","3","3","4.52","1.28","28","56","15","9","33","3","0","0","0%"
"Enyel De Los Santos","PHI","SP","60.8","52","3","4","4.66","1.40","32","61","24","11","14","13","4","0","0%"
"Drew Gagnon","NYM","SP","58.0","57","3","3","4.49","1.35","29","55","23","9","27","5","1","0","0%"
"Andrew Kittredge","TB","SP,RP","44.8","40","3","3","4.09","1.35","20","45","15","5","34","1","0","0","0%"
"Drew Hutchison","NYY","SP,RP","54.2","43","3","3","5.09","1.52","31","59","23","9","17","7","0","0","0%"
"Aaron Wilkerson","MIL","SP,RP","42.8","39","2","2","4.58","1.35","22","42","16","6","21","5","1","0","0%"
"Adam McCreery","LAD","SP,RP","33.4","36","2","2","4.23","1.61","16","30","24","3","29","0","0","0",""
"Ryan Weber","BOS","SP,RP","62.7","35","5","4","4.24","1.34","30","72","13","7","18","8","0","0","0%"
"Deck McGuire","","SP,RP","56.4","46","3","4","5.16","1.48","32","57","26","12","24","11","0","0","0%"
"Kyle McGowin","WSH","SP,RP","40.0","34","2","3","5.70","1.53","25","45","16","10","18","6","1","0","0%"
"Alec Mills","CHC","SP,RP","33.6","28","2","2","4.48","1.34","17","33","12","6","12","6","0","0","0%"
"Kyle Ryan","CHC","SP,RP","28.9","24","1","1","4.27","1.45","14","29","13","4","26","1","0","0","0%"
"Allen Webster","CHC","SP","30.8","26","2","2","5.42","1.53","19","33","14","6","22","2","0","0",""
"Gabriel Ynoa","BAL","SP,RP","49.2","30","2","3","5.16","1.43","28","57","13","9","22","5","1","0","0%"
"Brady Rodgers","HOU","SP,RP","34.3","24","2","2","4.75","1.38","18","38","10","5","11","6","1","0","0%"
"Jason Adam","","SP,RP","38.6","42","2","2","4.90","1.39","21","35","19","6","35","0","0","0",""
"Zack Littell","MIN","SP","45.8","38","3","3","4.61","1.42","23","48","17","6","19","5","1","0","0%"
"David Hale","NYY","SP,RP","37.3","24","1","2","5.38","1.50","22","44","12","8","12","7","0","0","0%"
"Scott Barlow","KC","SP,RP","43.7","42","2","3","4.88","1.51","24","44","22","6","19","5","0","0","0%"
"Clay Holmes","PIT","SP,RP","41.2","36","2","2","4.58","1.59","21","42","24","5","21","6","0","0","0%"
"Jesus Reyes","CIN","SP,RP","48.5","34","3","3","5.07","1.60","27","52","26","9","29","4","0","0",""
"Brandon Mann","","SP,RP","39.7","31","2","3","5.45","1.63","24","42","23","6","29","2","0","0",""
"Jeremy Bleich","PHI","SP,RP","32.9","27","2","2","4.52","1.37","17","35","10","5","27","0","0","0",""
"Chris Flexen","NYM","SP,RP","30.6","23","2","2","4.86","1.50","17","33","13","5","7","6","2","0","0%"
"Parker Bridwell","OAK","SP","45.8","29","2","3","5.81","1.49","30","52","16","11","17","8","2","0","0%"
"Chris Lee","BAL","SP,RP","27.8","17","1","2","5.05","1.63","16","31","14","4","15","3","0","0",""
"Josh Staumont","KC","SP","34.9","39","2","2","4.79","1.68","19","30","28","4","23","3","0","0","0%"
"Sam Howard","COL","SP,RP","64.4","48","4","4","5.73","1.58","41","74","28","12","23","11","0","0","0%"
"Jarlin Garcia","MIA","SP,RP","64.9","45","3","4","4.91","1.41","35","67","24","10","51","2","0","0","0%"
"Casey Sadler","TB","SP","47.2","37","3","4","4.95","1.50","26","53","18","8","17","5","6","0",""
"Merandy Gonzalez","SF","SP,RP","47.1","33","2","3","4.81","1.56","25","52","22","7","19","6","1","0","0%"
"Max Povse","SEA","SP,RP","56.2","45","4","4","4.81","1.50","30","61","24","8","11","11","0","0","0%"
"Odrisamer Despaigne","","SP,RP","56.7","41","3","3","4.82","1.52","30","63","23","8","27","7","0","0","0%"
"Glenn Sparkman","KC","SP,RP","46.5","31","2","3","4.99","1.50","26","57","13","7","26","5","0","0","0%"
"Alec Asher","COL","SP,RP","41.2","24","2","3","5.63","1.51","26","48","14","9","11","8","2","0","0%"
"Burch Smith","MIL","SP,RP","35.5","35","2","2","5.58","1.58","22","37","19","7","20","3","0","0",""
"Tanner Rainey","WSH","SP,RP","28.4","33","2","2","5.03","1.63","16","24","22","4","30","0","0","0",""
"Marcus Walden","BOS","SP,RP","40.9","32","2","2","4.31","1.45","20","43","16","4","33","1","0","0",""
"Miguel Gonzalez","","SP","111.2","72","6","8","5.11","1.44","63","124","36","23","22","22","5","0","0%"
"Elieser Hernandez","MIA","SP,RP","51.4","39","2","4","5.88","1.61","34","61","21","11","36","3","0","0","0%"
"James Shields","","SP","121.0","94","6","8","5.10","1.43","69","123","50","24","20","20","9","0","1%"
"Alex McRae","PIT","SP,RP","55.1","36","3","4","5.23","1.58","32","64","23","7","13","7","0","0","0%"
"Harrison Musgrave","COL","SP,RP","37.5","29","2","2","5.66","1.56","24","41","17","8","29","2","0","0",""
"Brett Graves","MIA","SP,RP","49.4","32","2","3","5.64","1.56","31","57","21","8","20","4","0","0","0%"
"Jason Hammel","TEX","SP","60.3","46","3","5","5.34","1.46","36","70","18","12","16","11","3","0","0%"
"Brandon Cumpton","TOR","SP,RP","33.2","20","2","3","6.24","1.66","23","42","13","6","10","5","0","0",""
"Jared Miller","ARI","SP,RP","39.7","46","2","2","5.23","1.81","23","36","36","7","36","0","0","0",""
"Miguel Almonte","LAA","SP,RP","40.1","35","2","3","4.98","1.52","22","41","20","9","28","5","0","0",""
"Jose Suarez","LAA","SP","62.3","61","3","3","4.18","1.34","29","59","25","16","14","14","1","0","0%"
"Nick Neidert","MIA","SP","52.2","42","3","4","4.36","1.30","25","55","13","12","10","10","1","0","0%"
"Tony Gonsolin","LAD","SP","80.3","73","6","5","4.77","1.47","43","83","35","20","26","26","5","0","0%"
"Josh Sborz","LAD","SP","30.8","32","2","1","3.78","1.33","13","27","14","3","30","0","0","0","0%"
"Jaime Garcia","","SP","74.7","71","4","4","4.64","1.43","39","75","32","12","24","13","4","0","1%"
"Zac Gallen","MIA","SP","56.4","46","3","4","4.39","1.43","28","59","22","9","11","11","4","0","0%"
"Dario Agrazal","PIT","SP,RP","54.5","30","3","4","4.51","1.36","27","63","11","12","15","10","1","0","0%"
"Trey Supak","MIL","SP,RP","55.7","48","3","3","4.48","1.45","28","56","25","9","23","8","0","0","0%"
"Alex Meyer","LAA","SP,RP","43.5","44","3","3","4.55","1.48","22","41","24","5","11","8","2","0","0%"
"Ryan Helsley","STL","SP","55.7","53","3","4","4.54","1.48","28","53","30","11","21","9","0","0","0%"
"Pedro Avila","SD","SP","74.0","66","4","5","4.69","1.51","39","74","37","16","24","11","0","0","0%"
"Ian Anderson","ATL","SP","56.8","52","3","3","4.62","1.50","29","57","29","14","12","12","1","0","1%"
"Travis Lakins","BOS","SP","43.3","36","3","2","4.59","1.49","22","45","20","7","27","6","0","0","0%"
"Rob Whalen","","SP","61.4","44","4","5","4.84","1.46","33","66","24","8","13","12","1","0","0%"
"Yadier Alvarez","LAD","SP","45.7","45","2","2","4.30","1.55","22","42","29","6","23","7","0","0","0%"
"Brandon Brennan","SEA","SP","28.3","25","2","1","4.26","1.43","13","28","13","3","27","0","0","0","0%"
"Nestor Cortes Jr.","NYY","SP,RP","58.2","48","4","3","4.95","1.53","32","64","25","10","22","9","3","0","0%"
"Jordan Guerrero","CWS","SP","79.2","59","5","6","4.95","1.53","44","87","34","10","16","16","3","0","0%"
"Drew Anderson","PHI","SP,RP","35.3","30","2","2","5.19","1.44","20","38","13","7","13","5","1","0","0%"
"Jake Thompson","","SP,RP","56.6","45","3","4","4.96","1.50","31","58","27","12","21","7","0","0","0%"
"Cal Quantrill","SD","SP","63.0","45","3","4","4.98","1.48","35","69","24","12","12","12","2","0","0%"
"Jose Lopez","SF","3B,SP","49.0","42","2","3","5.12","1.47","28","53","20","13","13","9","1","0","0%"
"Patrick Weigel","ATL","SP","38.0","31","2","2","5.10","1.55","22","40","19","9","19","6","0","0","0%"
"Adbert Alzolay","CHC","SP","29.3","21","1","2","5.08","1.49","17","32","12","7","6","6","1","0","0%"
"Adonis Medina","PHI","SP","57.2","51","3","4","5.26","1.54","33","60","28","18","12","12","1","0","0%"
"Emilio Vargas","ARI","SP","65.2","59","4","5","5.22","1.58","38","69","34","19","14","13","1","0","0%"
"Oscar De La Cruz","CHC","SP","40.5","31","3","4","5.40","1.57","24","45","19","13","13","8","0","0","0%"
"Patrick Murphy","TOR","SP","76.5","53","4","5","5.07","1.54","43","82","36","16","25","13","0","0","0%"
"Franklin Perez","DET","SP","31.0","20","2","2","5.40","1.59","19","35","14","8","8","8","1","0","0%"
"Neftali Feliz","","SP,RP","56.6","50","3","4","5.40","1.58","34","57","33","13","40","4","0","0","0%"
"Scott Copeland","WSH","SP,RP","65.2","44","4","5","5.32","1.59","39","74","30","10","19","11","0","0","0%"
"Vance Worley","","SP,RP","52.7","31","3","4","5.41","1.57","32","62","21","13","25","6","0","0","0%"
"Ricardo Sanchez","SEA","SP","42.8","29","2","3","5.26","1.65","25","48","23","10","10","10","1","0","0%"
"Darwinzon Hernandez","BOS","SP,RP","51.7","48","3","3","5.30","1.74","30","50","40","10","14","12","1","0","0%"
"Eddie Butler","","SP,RP","51.4","30","2","4","5.46","1.58","31","61","20","11","21","7","1","0","0%"
"Scott Blewett","KC","SP","56.9","33","2","3","5.38","1.57","34","66","24","10","20","8","0","0","0%"
"Ian Clarkin","CHC","SP","50.2","27","3","3","5.89","1.77","33","58","30","12","24","7","0","0","0%"
"Jorge Guzman","MIA","SP","53.5","48","2","4","5.61","1.86","33","53","46","11","22","10","0","0","0%"
"Austin Bibens-Dirkx","","SP,RP","78.7","56","4","5","6.29","1.58","55","96","29","17","23","11","1","0","0%"
"Rafael Montero","TEX","SP,RP","64.7","53","3","5","6.26","1.76","45","77","38","11","24","9","0","0","0%"
"Marcos Diplan","MIL","SP","69.7","59","3","5","5.74","1.86","44","72","57","14","26","13","1","0","0%"
"Chris Tillman","","SP","97.5","64","5","8","6.60","1.72","72","118","50","18","22","22","7","0","0%"
"Vicente Campos","PIT","SP,RP","37.2","25","2","3","5.63","1.67","23","43","19","12","13","6","0","0",""
"Daniel Corcino","LAD","SP,RP","58.0","52","3","3","4.50","1.44","29","57","27","8","20","8","0","0",""
"Justin Hancock","CHC","SP,RP","31.0","28","2","2","4.79","1.55","17","30","18","4","27","0","0","0",""
"William Cuevas","BOS","SP,RP","46.6","37","3","4","6.43","1.82","33","65","20","12","24","21","8","0",""
"Ronald Pena","WSH","SP","28.4","26","1","2","5.35","1.63","17","29","17","8","23","0","0","0",""
""
""