"Player","Team","Positions","AB","R","HR","RBI","SB","AVG","OBP","H","2B","3B","BB","SO","SLG","OPS","Own"
"Mike Trout","LAA","CF,DH","509","113","39","96","24",".307",".440","156","29","4","121","128",".613","1.053","99%"
"Mookie Betts","BOS","CF,RF","591","117","30","93","27",".307",".387","182","43","4","77","94",".547",".934","99%"
"Jose Ramirez","CLE","2B,3B","571","101","30","96","25",".287",".375","164","41","4","81","76",".536",".911","99%"
"Nolan Arenado","COL","3B","588","99","37","113","2",".292",".363","172","38","4","65","115",".560",".923","99%"
"J.D. Martinez","BOS","LF,RF,DH","547","98","40","116","4",".305",".378","167","34","2","64","149",".592",".969","99%"
"Christian Yelich","MIL","LF,CF,RF","575","102","28","93","17",".300",".378","172","35","4","73","136",".520",".898","99%"
"Trea Turner","WSH","SS","601","96","18","69","46",".281",".340","169","30","7","54","121",".442",".782","99%"
"Ronald Acuna","ATL","LF,CF","582","96","30","86","23",".278",".345","162","32","4","59","165",".506",".851","99%"
"Francisco Lindor","CLE","SS","574","101","29","85","19",".284",".352","163","36","3","60","91",".507",".859","99%"
"Bryce Harper","PHI","CF,RF","516","99","34","99","11",".267",".400","138","28","1","114","151",".528",".928","99%"
"Jose Altuve","HOU","2B","584","95","18","78","22",".315",".375","184","35","3","56","82",".480",".855","99%"
"Alex Bregman","HOU","3B,SS","570","98","28","94","11",".285",".371","162","42","3","79","88",".513",".884","99%"
"Manny Machado","SD","3B,SS","593","86","33","96","10",".284",".349","169","33","3","59","104",".515",".864","99%"
"Aaron Judge","NYY","RF,DH","515","99","38","94","7",".266",".380","137","24","1","95","189",".538",".918","99%"
"Trevor Story","COL","SS","567","85","33","98","20",".273",".331","155","36","5","49","173",".529",".860","99%"
"Freddie Freeman","ATL","1B","568","92","27","93","8",".300",".383","170","39","4","77","131",".520",".903","99%"
"Giancarlo Stanton","NYY","LF,RF,DH","557","97","43","109","3",".267",".346","149","27","1","68","180",".550",".897","99%"
"Paul Goldschmidt","STL","1B","562","96","30","94","11",".284",".384","160","31","3","91","156",".509",".893","99%"
"Javier Baez","CHC","2B,3B,SS","581","87","30","97","17",".277",".315","161","33","6","32","162",".510",".825","99%"
"Charlie Blackmon","COL","CF","591","106","28","77","12",".295",".354","174","31","7","55","125",".514",".869","99%"
"Andrew Benintendi","BOS","LF,CF","583","98","18","84","20",".285",".362","166","39","5","70","107",".461",".823","99%"
"Kris Bryant","CHC","3B,RF","551","96","28","84","6",".278",".367","153","35","3","78","145",".504",".871","99%"
"Anthony Rizzo","CHC","1B","559","88","29","99","7",".280",".367","157","33","2","76","89",".499",".865","99%"
"Juan Soto","WSH","LF","538","94","29","94","7",".290",".392","156","30","3","91","121",".518",".910","99%"
"Starling Marte","PIT","CF","559","81","18","69","34",".281",".323","157","30","5","34","114",".447",".770","99%"
"Anthony Rendon","WSH","3B","541","86","24","91","5",".293",".369","158","40","2","66","92",".506",".875","99%"
"Khris Davis","OAK","LF,DH","563","90","42","110","1",".245",".319","138","27","1","61","178",".521",".840","99%"
"Rhys Hoskins","PHI","1B,LF","550","92","36","103","5",".250",".348","137","31","1","83","146",".508",".857","99%"
"Carlos Correa","HOU","SS","536","83","24","91","5",".270",".352","145","30","2","68","130",".466",".818","99%"
"Whit Merrifield","KC","1B,2B,CF,RF,DH","594","82","13","63","34",".284",".337","169","38","4","48","108",".426",".763","99%"
"Cody Bellinger","LAD","1B,CF","542","87","31","92","12",".260",".343","141","28","5","69","150",".502",".846","99%"
"Xander Bogaerts","BOS","SS","573","87","20","89","11",".286",".351","164","38","3","57","114",".471",".822","99%"
"George Springer","HOU","CF,RF,DH","562","100","27","78","8",".268",".346","150","28","1","68","128",".465",".811","99%"
"Joey Votto","CIN","1B","518","84","22","80","3",".290",".412","150","29","2","107","103",".481",".892","99%"
"Adalberto Mondesi","KC","2B,SS","535","75","20","67","44",".251",".288","134","26","6","28","150",".435",".723","95%"
"Eugenio Suarez","CIN","3B","542","81","30","93","3",".267",".346","145","26","2","66","146",".489",".835","98%"
"Lorenzo Cain","MIL","CF","554","86","13","53","25",".291",".361","161","28","3","61","103",".422",".783","98%"
"Jose Abreu","CWS","1B,DH","559","78","26","90","2",".282",".330","158","35","2","39","116",".496",".825","98%"
"Ozzie Albies","ATL","2B","593","89","20","73","16",".269",".315","160","34","6","40","110",".452",".767","99%"
"Jean Segura","PHI","SS","593","88","13","64","22",".291",".331","172","30","4","36","85",".421",".752","98%"
"Corey Seager","LAD","SS","529","82","21","74","3",".286",".355","151","32","2","56","115",".473",".827","97%"
"Tommy Pham","TB","LF,CF","502","89","22","69","17",".268",".356","134","21","4","68","150",".456",".811","95%"
"Nelson Cruz","MIN","DH","519","81","35","101","1",".274",".343","142","24","1","55","127",".526",".869","92%"
"Daniel Murphy","COL","1B,2B","518","78","21","80","4",".307",".356","159","36","3","40","71",".512",".868","98%"
"Marcell Ozuna","STL","LF","572","78","27","94","2",".286",".339","163","25","3","46","120",".479",".818","98%"
"Vladimir Guerrero Jr.","TOR","3B","488","73","22","79","5",".299",".359","146","31","2","45","77",".509",".868","96%"
"Matt Carpenter","STL","1B,2B,3B","530","96","28","77","3",".254",".369","135","35","2","97","143",".488",".857","99%"
"Yasiel Puig","CIN","RF","497","75","27","80","14",".273",".341","136","26","2","51","109",".497",".838","91%"
"Justin Upton","LAA","LF,DH","542","82","30","89","8",".251",".331","136","25","1","65","178",".466",".797","97%"
"Eddie Rosario","MIN","LF","575","85","25","82","9",".281",".320","161","32","3","33","116",".480",".800","97%"
"Gleyber Torres","NYY","2B,SS","531","72","25","85","9",".268",".333","142","24","2","52","139",".463",".796","99%"
"Mitch Haniger","SEA","CF,RF","562","83","24","84","7",".270",".342","152","33","3","62","143",".469",".811","98%"
"J.T. Realmuto","PHI","C,1B","494","72","22","76","5",".276",".328","136","28","3","38","109",".482",".810","99%"
"Justin Turner","LAD","3B","496","76","20","75","4",".293",".365","145","34","1","56","80",".487",".852","95%"
"Gary Sanchez","NYY","C,DH","457","73","30","82","2",".244",".317","112","22","0","49","126",".486",".803","98%"
"Jesus Aguilar","MIL","1B","518","76","31","95","0",".256",".326","133","26","1","54","151",".490",".816","98%"
"Nicholas Castellanos","DET","RF","591","80","25","89","3",".282",".335","167","38","5","47","143",".495",".830","92%"
"A.J. Pollock","LAD","CF","502","77","22","71","17",".262",".317","132","29","4","41","106",".467",".784","86%"
"Josh Donaldson","ATL","3B,DH","467","78","27","77","4",".261",".362","122","25","1","75","120",".495",".858","94%"
"Matt Olson","OAK","1B","552","83","32","90","2",".243",".329","134","30","1","71","161",".470",".799","89%"
"Scooter Gennett","CIN","2B","556","77","22","85","4",".281",".328","157","29","3","39","124",".466",".794","89%"
"Joey Gallo","TEX","1B,LF,CF,RF","494","85","40","93","5",".217",".322","107","22","3","76","205",".514",".836","86%"
"Miguel Andujar","NYY","3B,DH","546","75","24","85","3",".283",".318","155","37","2","28","93",".492",".810","95%"
"Michael Conforto","NYM","LF,CF,RF","531","81","29","85","3",".249",".344","132","27","1","77","153",".470",".814","86%"
"Wil Myers","SD","3B,LF,RF","516","74","23","73","19",".251",".325","130","30","3","56","154",".457",".782","86%"
"David Dahl","COL","LF,CF,RF","511","71","25","80","11",".273",".323","140","28","5","37","139",".496",".819","84%"
"Matt Chapman","OAK","3B","556","89","27","80","3",".256",".327","142","36","5","59","159",".485",".812","86%"
"Travis Shaw","MIL","1B,3B,2B","515","76","29","88","6",".254",".337","131","27","1","65","122",".478",".815","86%"
"Robinson Cano","NYM","2B","544","74","21","82","1",".280",".339","152","31","1","49","83",".457",".796","87%"
"Andrew McCutchen","PHI","LF,RF","533","83","25","77","11",".260",".356","138","27","2","79","134",".459",".815","85%"
"Rougned Odor","TEX","2B,DH","560","81","25","78","14",".250",".301","140","28","3","41","140",".446",".747","82%"
"Aaron Hicks","NYY","CF","498","83","24","75","11",".251",".354","125","23","3","79","113",".452",".806","85%"
"Michael Brantley","HOU","LF,DH","527","76","16","73","11",".293",".351","154","31","2","47","64",".449",".799","86%"
"Edwin Encarnacion","SEA","1B,DH","508","74","31","92","2",".241",".333","123","19","1","70","134",".466",".800","86%"
"David Peralta","ARI","LF","548","77","23","75","5",".284",".340","156","28","5","47","118",".480",".820","85%"
"Jonathan Villar","BAL","2B,SS","515","67","15","52","37",".252",".317","130","22","2","48","156",".389",".706","91%"
"Jose Peraza","CIN","SS","587","74","12","58","24",".281",".314","165","27","5","28","76",".401",".715","83%"
"Dee Gordon","SEA","2B,CF","575","73","4","41","37",".277",".300","160","20","7","19","89",".356",".656","85%"
"Eloy Jimenez","CWS","LF,RF","475","64","22","72","2",".285",".333","135","26","2","34","102",".495",".828","78%"
"Victor Robles","WSH","RF","496","69","12","57","27",".271",".325","135","28","5","40","100",".422",".747","82%"
"Max Muncy","LAD","1B,2B,3B","452","73","27","75","3",".248",".355","112","21","2","75","140",".485",".840","84%"
"Rafael Devers","BOS","3B","523","73","24","80","6",".263",".321","138","32","1","44","133",".468",".788","82%"
"Mike Moustakas","MIL","3B,DH","540","72","31","90","3",".260",".315","140","28","1","44","98",".494",".809","85%"
"Nomar Mazara","TEX","RF","547","71","23","86","2",".267",".327","146","28","2","49","124",".451",".778","80%"
"Ender Inciarte","ATL","CF","579","78","10","57","23",".277",".331","161","27","5","47","86",".392",".723","83%"
"Brian Dozier","WSH","2B","525","80","25","77","12",".242",".321","127","27","3","61","120",".449",".770","84%"
"Mallex Smith","SEA","LF,CF,RF","518","70","5","44","38",".268",".331","139","26","7","48","115",".375",".706","80%"
"Miguel Cabrera","DET","1B,DH","474","64","20","75","0",".280",".363","133","27","1","62","106",".465",".828","79%"
"Tim Anderson","CWS","SS","577","73","18","63","22",".252",".283","146","27","4","25","153",".407",".690","79%"
"Eric Hosmer","SD","1B","585","78","21","79","6",".270",".340","158","29","2","63","126",".433",".774","81%"
"Elvis Andrus","TEX","SS","559","74","11","61","14",".271",".322","152","32","4","41","90",".405",".726","79%"
"Yoan Moncada","CWS","2B","559","78","20","64","15",".240",".324","134","27","5","69","198",".409",".733","77%"
"Stephen Piscotty","OAK","RF","530","74","23","79","3",".262",".326","139","35","1","50","119",".458",".784","82%"
"Yasmani Grandal","MIL","C","409","58","22","64","1",".241",".339","99","20","1","61","118",".461",".800","86%"
"Willson Contreras","CHC","C","445","55","15","62","4",".258",".332","115","24","3","50","112",".426",".758","94%"
"Ryan Braun","MIL","1B,LF","455","66","21","69","12",".266",".325","121","26","2","40","99",".474",".800","68%"
"Jurickson Profar","OAK","1B,2B,3B,SS","528","76","17","67","9",".256",".324","135","32","5","53","91",".428",".752","83%"
"Amed Rosario","NYM","SS","562","70","11","56","23",".260",".297","146","26","7","30","121",".389",".687","73%"
"Paul DeJong","STL","SS","500","68","24","76","2",".254",".302","127","28","2","35","145",".458",".760","65%"
"Ian Desmond","COL","1B,LF","489","69","18","69","17",".257",".316","126","21","4","42","130",".426",".742","82%"
"Buster Posey","SF","C,1B","455","58","10","57","3",".289",".361","132","26","1","51","65",".418",".779","95%"
"Carlos Santana","CLE","1B,3B","528","82","23","83","3",".248",".363","131","29","2","96","88",".445",".809","82%"
"Wilson Ramos","NYM","C,DH","388","43","16","61","0",".273",".324","106","19","1","29","78",".451",".775","85%"
"Kyle Schwarber","CHC","LF","459","72","29","73","4",".237",".345","109","18","2","75","153",".473",".817","78%"
"Adam Eaton","WSH","LF,RF","490","78","9","53","12",".287",".356","140","26","4","53","97",".417",".773","70%"
"Brandon Nimmo","NYM","LF,CF,RF","505","80","17","55","9",".250",".353","126","27","6","80","154",".427",".780","75%"
"Jonathan Schoop","MIN","2B","515","70","24","78","1",".263",".296","135","29","1","24","120",".465",".761","76%"
"Cesar Hernandez","PHI","2B","542","80","11","51","16",".264",".355","143","19","5","76","129",".378",".733","71%"
"Yadier Molina","STL","C","462","54","16","66","5",".269",".312","124","24","1","29","70",".424",".737","86%"
"Austin Meadows","TB","LF,CF,RF","459","61","16","60","14",".265",".313","122","27","3","32","95",".447",".760","57%"
"Andrelton Simmons","LAA","SS","562","69","11","68","12",".282",".328","158","29","4","39","54",".408",".736","72%"
"Harrison Bader","STL","LF,CF,RF","493","67","16","57","16",".249",".303","123","23","2","38","156",".404",".707","64%"
"Billy Hamilton","KC","CF","502","69","4","34","43",".242",".299","121","18","8","41","119",".336",".635","74%"
"Luke Voit","NYY","1B","409","61","21","68","1",".269",".338","110","20","1","43","108",".486",".823","59%"
"Byron Buxton","MIN","CF","454","62","14","51","21",".240",".290","109","22","4","32","146",".400",".690","66%"
"Justin Smoak","TOR","1B,DH","518","72","27","79","1",".244",".339","126","29","1","75","151",".461",".800","71%"
"Marcus Semien","OAK","SS","563","77","17","67","13",".251",".317","141","30","3","54","123",".405",".722","63%"
"Corey Dickerson","PIT","LF,DH","531","70","19","67","6",".282",".319","150","34","5","29","108",".474",".793","72%"
"Odubel Herrera","PHI","CF","497","64","17","63","8",".267",".319","133","24","3","38","117",".435",".753","60%"
"Jorge Polanco","MIN","SS","550","72","13","69","13",".270",".326","149","31","5","45","106",".419",".745","46%"
"Josh Bell","PIT","1B","528","75","18","75","3",".265",".354","140","29","4","73","111",".439",".792","58%"
"Domingo Santana","SEA","RF","479","63","20","64","7",".249",".333","119","23","1","60","177",".430",".763","36%"
"Shin-Soo Choo","TEX","LF,RF,DH","520","79","19","63","7",".259",".354","135","25","1","77","138",".423",".777","51%"
"Jesse Winker","CIN","LF,RF","462","65","14","63","2",".286",".377","132","26","1","68","84",".440",".817","66%"
"Jake Bauers","CLE","1B,LF","492","71","17","70","13",".240",".331","118","31","2","67","130",".411",".742","52%"
"Ramon Laureano","OAK","RF","453","64","15","55","16",".253",".320","114","25","4","45","134",".425",".745","37%"
"Yuli Gurriel","HOU","1B,3B,DH","511","64","14","73","4",".285",".317","145","34","1","24","65",".439",".755","75%"
"DJ LeMahieu","NYY","2B","458","68","11","51","6",".279",".337","128","22","2","40","76",".404",".741","68%"
"Gregory Polanco","PIT","RF","389","55","17","57","10",".256",".331","99","24","3","44","91",".463",".793","42%"
"Eduardo Escobar","ARI","3B,SS","544","70","21","75","3",".260",".317","141","35","5","45","118",".454",".771","76%"
"Franmil Reyes","SD","LF,RF","409","58","22","62","1",".259",".327","106","18","1","41","129",".467",".793","30%"
"Kyle Seager","SEA","3B","489","60","21","71","2",".242",".304","118","29","1","43","107",".431",".735","66%"
"Max Kepler","MIN","CF,RF","503","73","21","68","6",".247",".324","124","30","4","58","100",".441",".765","60%"
"Tyler White","HOU","1B","446","61","20","69","2",".255",".327","114","25","2","48","100",".455",".782","30%"
"Ketel Marte","ARI","2B,SS","519","69","12","56","8",".270",".332","140","28","8","48","81",".424",".756","39%"
"Jackie Bradley Jr.","BOS","CF,RF","504","74","17","68","13",".246",".317","124","30","4","52","139",".425",".742","59%"
"C.J. Cron","MIN","1B,DH","463","64","25","75","2",".259",".308","120","27","1","33","120",".484",".792","51%"
"Trey Mancini","BAL","1B,LF","560","69","23","71","1",".259",".310","145","25","4","42","148",".440",".750","53%"
"Hunter Renfroe","SD","LF,RF","433","56","25","69","3",".248",".296","108","24","2","29","115",".479",".775","69%"
"Miguel Sano","MIN","1B,3B,DH","424","63","25","71","0",".234",".321","99","20","1","54","173",".464",".785","45%"
"Jose Martinez","STL","1B,RF","417","55","14","60","2",".291",".353","121","23","1","39","85",".450",".803","70%"
"Jake Lamb","ARI","3B","482","71","21","75","5",".241",".330","116","25","3","64","141",".439",".769","39%"
"Randal Grichuk","TOR","CF,RF","484","69","28","75","4",".243",".292","118","31","2","33","149",".491",".783","30%"
"Maikel Franco","PHI","3B","511","63","25","80","1",".259",".309","132","25","1","37","83",".458",".767","27%"
"Danny Jansen","TOR","C","363","47","12","47","3",".251",".322","91","22","1","38","71",".418",".739","53%"
"Nick Senzel","CIN","3B","386","51","13","51","10",".275",".338","106","24","2","37","93",".453",".792","56%"
"Ian Happ","CHC","3B,LF,CF,RF","412","60","19","58","8",".236",".334","97","19","3","61","160",".435",".769","29%"
"Chris Taylor","LAD","2B,SS,LF,CF","531","78","16","63","12",".255",".322","135","31","6","53","161",".428",".750","67%"
"Garrett Hampson","COL","2B,SS","405","54","6","39","21",".279",".339","113","21","5","37","78",".405",".744","32%"
"Ryan Zimmerman","WSH","1B","442","60","21","73","2",".262",".323","116","26","2","40","99",".476",".799","15%"
"Manuel Margot","SD","CF","450","52","10","47","14",".258",".307","116","23","7","32","82",".405",".712","21%"
"Lourdes Gurriel Jr.","TOR","2B,SS","467","57","17","63","5",".266",".298","124","22","1","21","104",".422",".719","57%"
"Willy Adames","TB","2B,SS","532","70","14","61","10",".255",".324","135","21","4","55","155",".387",".712","36%"
"Nick Markakis","ATL","RF","519","64","11","69","1",".277",".351","144","32","1","59","83",".407",".758","66%"
"Kevin Kiermaier","TB","CF","464","63","13","50","16",".242",".300","112","20","7","38","120",".402",".701","9%"
"Jed Lowrie","NYM","2B,3B","517","67","16","66","0",".255",".336","132","29","2","63","107",".411",".747","46%"
"Pete Alonso","NYM","1B,DH","417","55","22","65","2",".239",".312","100","20","1","44","126",".448",".761","26%"
"Steven Souza Jr.","ARI","RF","451","60","19","62","11",".239",".323","108","22","4","56","142",".431",".755","7%"
"Brandon Belt","SF","1B,LF","481","67","19","65","4",".255",".350","123","28","3","70","132",".447",".797","13%"
"Adam Jones","ARI","CF,DH","518","59","17","64","4",".269",".304","140","28","1","26","91",".426",".730","47%"
"Marwin Gonzalez","MIN","1B,2B,SS,LF","466","61","17","66","5",".265",".327","124","27","2","43","115",".444",".771","64%"
"Evan Longoria","SF","3B","552","64","20","73","3",".256",".301","141","31","3","35","111",".433",".734","38%"
"Welington Castillo","CWS","C","347","39","14","45","1",".250",".299","87","15","0","24","101",".414",".713","35%"
"Asdrubal Cabrera","TEX","2B,3B,SS","515","69","20","72","2",".275",".329","141","33","1","42","106",".463",".792","68%"
"Yonder Alonso","CWS","1B","498","64","22","71","1",".245",".321","122","21","1","56","127",".425",".746","23%"
"Starlin Castro","MIA","2B","572","69","14","61","5",".272",".317","155","29","2","38","119",".406",".724","23%"
"Joey Wendle","TB","2B,LF","490","59","9","57","12",".266",".310","131","29","4","31","105",".394",".704","41%"
"Joc Pederson","LAD","LF,CF","380","60","22","60","3",".245",".329","93","23","2","48","93",".488",".818","22%"
"Matt Kemp","CIN","LF,RF","347","46","16","57","0",".272",".321","94","19","1","25","87",".475",".795","30%"
"Cedric Mullins","BAL","CF","519","69","14","52","14",".250",".305","130","27","3","41","106",".400",".705","6%"
"Mike Zunino","TB","C","382","46","21","56","0",".213",".275","82","18","0","32","155",".425",".700","65%"
"Jeimer Candelario","DET","3B","545","75","19","64","3",".236",".316","129","32","3","63","150",".410",".726","7%"
"Brian Anderson","MIA","3B,RF","570","77","14","67","3",".262",".329","149","31","4","57","133",".404",".733","43%"
"Kendrys Morales","TOR","1B,DH","477","60","23","71","2",".251",".319","120","21","0","48","114",".446",".765","9%"
"Avisail Garcia","TB","RF","362","49","15","52","3",".266",".312","96","14","2","24","90",".444",".756","6%"
"Kyle Tucker","HOU","LF","283","41","12","41","8",".259",".320","73","15","2","26","67",".451",".771","8%"
"Wilmer Flores","ARI","1B,2B,3B","447","56","17","66","1",".274",".321","123","28","1","31","57",".458",".779","24%"
"Francisco Mejia","SD","C,DH","319","35","10","38","1",".249",".293","79","17","1","20","74",".406",".699","34%"
"Brett Gardner","NYY","LF,CF","416","65","11","42","12",".248",".329","103","18","5","50","86",".392",".721","17%"
"Kole Calhoun","LAA","RF","534","76","20","68","5",".239",".316","128","23","3","59","131",".405",".721","8%"
"Kevin Pillar","TOR","CF","532","65","14","57","14",".259",".292","138","36","2","25","98",".415",".707","16%"
"Francisco Cervelli","PIT","C","362","45","10","48","3",".258",".348","94","16","3","50","90",".397",".745","55%"
"Tyler O'Neill","STL","LF,RF","262","42","16","45","4",".251",".312","66","12","1","23","83",".490",".801","7%"
"Jorge Alfaro","MIA","C","398","39","11","43","2",".242",".279","96","18","2","20","143",".378",".657","32%"
"Didi Gregorius","NYY","SS","277","40","12","43","4",".272",".320","76","14","2","20","40",".469",".789","34%"
"Yoenis Cespedes","NYM","LF","165","24","9","28","2",".263",".321","43","9","1","14","42",".491",".812","15%"
"Mark Trumbo","BAL","RF,DH","500","65","25","71","1",".246",".301","123","21","1","39","136",".442",".743","4%"
"Teoscar Hernandez","TOR","LF,RF","404","57","18","53","7",".241",".301","97","23","4","35","132",".454",".754","5%"
"Yan Gomes","WSH","C","325","38","12","43","0",".242",".285","79","17","0","19","95",".414",".699","28%"
"Jay Bruce","SEA","1B,RF","406","51","19","62","3",".239",".312","97","22","2","43","99",".440",".752","27%"
"Scott Schebler","CIN","CF,RF","392","53","19","56","4",".244",".306","96","20","2","35","104",".448",".755","5%"
"Tucker Barnhart","CIN","C","417","44","9","46","2",".253",".326","105","21","2","46","85",".382",".709","29%"
"Robinson Chirinos","HOU","C","317","44","16","49","1",".218",".299","69","13","1","36","111",".417",".715","16%"
"Ian Kinsler","SD","2B","429","58","13","44","12",".246",".303","106","21","1","35","71",".395",".698","6%"
"Jorge Soler","KC","RF,DH","434","57","19","59","3",".244",".329","106","24","1","55","147",".434",".762","5%"
"Justin Bour","LAA","1B","359","49","20","61","1",".250",".346","90","15","1","52","95",".469",".815","7%"
"Jason Kipnis","CLE","2B,CF,DH","510","68","16","67","8",".246",".316","125","31","2","52","113",".411",".727","11%"
"Daniel Palka","CWS","LF,RF,DH","436","59","25","66","3",".235",".293","102","17","2","36","151",".454",".747","13%"
"Ryan O'Hearn","KC","1B","495","61","21","70","2",".235",".309","116","28","3","53","148",".427",".737","3%"
"Luis Urias","SD","2B","502","66","9","46","6",".253",".325","127","24","4","54","113",".373",".698","7%"
"Jeff McNeil","NYM","2B","423","60","10","49","9",".278",".327","118","22","6","31","61",".430",".758","11%"
"Ryan McMahon","COL","1B,2B,3B","383","49","13","53","4",".262",".320","101","23","3","33","116",".447",".767","6%"
"Greg Allen","CLE","CF,RF","381","50","5","35","23",".249",".301","95","19","3","28","91",".350",".651","6%"
"Niko Goodrum","DET","1B,2B,3B,SS,LF,RF","444","55","15","55","11",".242",".303","107","24","3","39","126",".413",".716","19%"
"Delino DeShields","TEX","CF","376","57","5","28","23",".236",".318","89","17","2","46","97",".327",".646","2%"
"Willians Astudillo","MIN","C,3B","256","29","9","35","3",".280",".307","72","13","1","10","26",".442",".750","10%"
"Brandon Crawford","SF","SS","529","62","15","66","5",".256",".319","135","30","3","49","119",".408",".727","8%"
"Zack Cozart","LAA","2B,3B,SS","459","65","16","54","2",".252",".319","116","24","4","45","83",".428",".747","4%"
"Adam Frazier","PIT","2B,LF,RF","488","67","10","54","8",".273",".332","133","29","5","43","78",".412",".744","19%"
"Lewis Brinson","MIA","OF","454","46","15","52","6",".226",".270","103","19","5","28","137",".383",".653","6%"
"Fernando Tatis Jr.","SD","SS","264","36","9","30","8",".234",".294","62","14","2","22","83",".404",".698","32%"
"Orlando Arcia","MIL","SS","502","53","10","51","12",".250",".294","126","23","2","31","111",".364",".658","2%"
"Franchy Cordero","SD","LF,CF","330","43","13","42","10",".246",".304","81","14","4","27","119",".428",".732","2%"
"Dansby Swanson","ATL","SS","473","54","12","56","8",".243",".311","115","24","3","47","119",".385",".696","6%"
"Josh Harrison","DET","2B","452","57","11","49","8",".263",".300","119","24","3","24","89",".401",".701","3%"
"Ronald Guzman","TEX","1B","438","55","16","60","2",".247",".308","108","20","3","38","120",".419",".727","2%"
"Scott Kingery","PHI","3B,SS","376","46","9","38","10",".239",".280","90","19","2","22","98",".371",".652","5%"
"Christin Stewart","DET","LF","444","61","20","67","2",".245",".325","109","21","3","53","119",".441",".765","6%"
"Leonys Martin","CLE","OF","415","59","13","47","14",".250",".309","104","20","3","35","106",".405",".713","4%"
"Kike Hernandez","LAD","1B,2B,SS,LF,CF,RF","375","54","17","51","3",".245",".326","92","19","2","45","85",".443",".769","12%"
"Willie Calhoun","TEX","LF","343","43","12","44","2",".262",".312","90","19","1","25","58",".428",".739","2%"
"Kurt Suzuki","WSH","C","278","34","10","41","0",".266",".309","74","16","0","18","41",".439",".748","10%"
"Josh Reddick","HOU","LF,RF","407","57","14","53","6",".265",".333","108","19","2","41","69",".427",".760","5%"
"Eric Thames","MIL","1B,LF,RF","265","44","16","41","5",".237",".326","63","14","2","35","91",".485",".812","5%"
"Omar Narvaez","SEA","C","340","38","8","35","1",".262",".344","89","15","1","42","71",".382",".726","7%"
"Johan Camargo","ATL","3B,SS","394","49","13","55","1",".265",".325","104","23","2","35","89",".434",".759","10%"
"Austin Hedges","SD","C","311","33","14","43","2",".234",".281","73","15","1","20","86",".428",".709","25%"
"Ryon Healy","SEA","1B","411","47","18","60","0",".252",".290","104","19","1","22","96",".434",".724","6%"
"Mitch Moreland","BOS","1B","391","53","16","60","1",".248",".322","97","24","2","43","99",".438",".761","4%"
"Evan Gattis","","DH","339","43","19","57","1",".244",".298","83","16","1","26","82",".461",".759","4%"
"Alex Verdugo","LAD","LF,CF","318","40","9","37","5",".270",".330","86","18","1","28","57",".413",".743","4%"
"Joe Panik","SF","2B","479","57","8","48","5",".272",".330","130","25","4","42","48",".391",".721","2%"
"Adam Duvall","ATL","1B,LF","304","38","13","48","3",".224",".279","68","18","1","23","93",".420",".699","2%"
"John Hicks","DET","C,1B","296","35","9","35","2",".252",".299","75","14","1","20","85",".404",".703","3%"
"Todd Frazier","NYM","3B","357","48","18","53","6",".218",".301","78","15","0","42","89",".412",".713","2%"
"Troy Tulowitzki","NYY","SS","261","31","10","37","1",".254",".309","66","11","0","21","58",".422",".730","13%"
"Albert Pujols","LAA","1B,DH","397","44","16","59","1",".246",".291","98","15","0","25","63",".408",".699","9%"
"Bradley Zimmer","CLE","CF","239","32","7","27","12",".230",".296","55","12","1","22","83",".374",".670","1%"
"Isiah Kiner-Falefa","TEX","C,2B,3B","314","36","3","30","6",".261",".315","82","15","1","25","54",".354",".669","8%"
"Ben Zobrist","CHC","2B,LF,RF","408","57","10","50","3",".269",".352","110","24","3","52","62",".411",".763","21%"
"Jason Heyward","CHC","CF,RF","457","61","10","56","4",".263",".330","120","23","3","46","71",".392",".722","4%"
"Jung Ho Kang","PIT","3B","246","32","11","38","2",".255",".319","63","13","1","23","61",".448",".767","5%"
"Austin Barnes","LAD","C,2B","301","42","8","35","6",".235",".327","71","14","1","41","81",".362",".689","6%"
"Keon Broxton","NYM","CF","337","44","12","37","19",".208",".283","70","13","3","36","143",".368",".651","1%"
"Hernan Perez","MIL","2B,3B,SS,LF,RF","323","36","9","36","12",".257",".290","83","13","2","15","66",".403",".693","3%"
"Tyler Flowers","ATL","C","309","38","10","40","0",".244",".317","75","15","0","33","90",".392",".709","2%"
"Carlos Gonzalez","","RF","432","58","16","59","4",".255",".317","110","25","2","39","110",".435",".752","4%"
"Nick Ahmed","ARI","SS","503","58","15","61","6",".239",".291","120","27","4","37","107",".397",".688","2%"
"Eduardo Nunez","BOS","2B,3B","325","41","7","37","9",".279",".309","90","19","2","14","46",".416",".724","8%"
"Colin Moran","PIT","1B,3B","429","50","13","58","1",".264",".325","113","20","1","38","93",".407",".731","2%"
"Yandy Diaz","TB","3B","372","48","4","40","3",".267",".354","99","18","2","50","84",".363",".717","2%"
"Kolten Wong","STL","2B","401","51","9","46","8",".259",".323","104","22","3","38","70",".398",".722","2%"
"Jonathan Lucroy","LAA","C","367","41","7","44","1",".253",".310","93","17","1","30","60",".369",".679","13%"
"Dexter Fowler","STL","RF","338","50","11","41","6",".234",".327","79","16","2","47","91",".393",".720","1%"
"Chris Davis","BAL","1B","460","56","22","62","2",".199",".283","92","16","1","54","186",".381",".664","1%"
"Michael Taylor","WSH","CF","306","39","9","33","17",".239",".294","73","16","2","24","100",".391",".685","1%"
"Jake Cave","MIN","CF,RF","231","34","8","31","2",".249",".301","57","12","2","17","85",".421",".722","1%"
"Nick Williams","PHI","LF,RF","272","37","11","39","2",".257",".306","70","12","2","19","76",".438",".744","2%"
"Greg Bird","NYY","1B","228","30","12","36","0",".222",".308","50","12","1","28","68",".434",".742","4%"
"Chris Iannetta","COL","C","279","35","12","37","1",".234",".330","65","14","1","40","84",".414",".744","1%"
"Albert Almora Jr.","CHC","CF","437","55","8","48","3",".276",".317","121","25","2","26","83",".396",".712","2%"
"Dustin Pedroia","BOS","2B","374","49","8","47","4",".277",".347","104","19","1","40","55",".392",".739","5%"
"Brendan Rodgers","COL","SS","184","23","7","25","4",".281",".318","52","11","1","10","44",".462",".780","4%"
"Mitch Garver","MIN","C","259","32","7","35","1",".251",".318","65","15","1","26","67",".408",".726","1%"
"Tim Beckham","SEA","3B,SS","339","40","11","37","3",".244",".295","83","15","2","25","100",".397",".692","1%"
"Steve Pearce","BOS","1B,LF,DH","277","41","13","45","1",".271",".345","75","16","1","31","59",".478",".823","2%"
"Bo Bichette","TOR","SS","200","26","5","24","8",".256",".305","51","13","2","14","55",".425",".730","6%"
"Raimel Tapia","COL","CF","258","36","5","31","8",".282",".322","73","16","4","15","56",".429",".751","1%"
"Peter O'Brien","MIA","1B","356","41","18","52","1",".205",".277","73","15","1","35","143",".404",".681","0%"
"Addison Russell","CHC","SS","314","39","8","37","2",".242",".307","76","18","2","29","81",".381",".688","2%"
"Brian McCann","ATL","C","263","32","11","36","1",".230",".303","60","9","1","28","58",".389",".692","2%"
"Keston Hiura","MIL","2B","166","20","4","17","3",".260",".306","43","9","1","11","44",".401",".707","4%"
"Billy McKinney","TOR","LF,RF","398","51","16","49","3",".244",".308","97","21","4","37","106",".437",".745","1%"
"Carson Kelly","ARI","C","272","29","6","30","1",".234",".306","64","13","1","28","55",".356",".662","1%"
"Renato Nunez","BAL","3B","492","57","19","60","2",".240",".296","118","24","1","39","134",".410",".705","1%"
"J.P. Crawford","SEA","3B,SS","386","48","8","41","6",".227",".306","88","16","3","44","103",".352",".659","1%"
"Grayson Greiner","DET","C","342","34","7","39","1",".226",".300","77","17","1","36","99",".346",".646","0%"
"Steven Duggar","SF","CF,RF,DH","433","53","6","41","12",".242",".309","105","25","4","41","139",".361",".670","1%"
"Yolmer Sanchez","CWS","2B,3B","537","61","10","55","11",".245",".299","132","27","6","41","122",".379",".678","3%"
"Jedd Gyorko","STL","2B,3B","309","40","13","45","2",".255",".330","79","14","1","34","72",".432",".762","2%"
"Hunter Dozier","KC","1B,3B,RF","449","51","13","50","4",".230",".291","103","26","3","39","146",".384",".676","1%"
"Christian Vazquez","BOS","C","317","37","5","31","5",".249",".290","79","16","1","19","61",".351",".641","1%"
"Matt Duffy","TB","3B","420","51","6","42","10",".279",".336","117","19","2","36","78",".374",".711","2%"
"Franklin Barreto","OAK","2B","241","33","11","33","4",".239",".294","58","11","1","19","90",".422",".716","1%"
"David Fletcher","LAA","2B,3B","473","58","6","46","9",".269",".307","127","26","3","26","61",".376",".684","1%"
"Freddy Galvis","TOR","SS","424","47","10","47","8",".248",".296","105","22","3","29","94",".387",".683","2%"
"Elias Diaz","PIT","C","203","23","6","25","1",".263",".312","53","10","0","15","38",".407",".719","1%"
"Manny Pina","MIL","C","189","23","5","21","1",".254",".304","48","10","1","13","42",".399",".703","1%"
"Derek Fisher","HOU","LF,CF","117","17","5","15","4",".217",".296","25","5","1","13","50",".383",".679","0%"
"Pablo Reyes","PIT","RF","144","18","3","15","4",".253",".309","36","8","1","12","31",".388",".697","0%"
"Alex Gordon","KC","LF,CF","501","60","14","56","9",".236",".308","118","23","1","52","137",".367",".675","2%"
"J.D. Davis","NYM","1B,3B","189","23","7","25","1",".244",".304","46","10","0","16","55",".410",".714","0%"
"Brandon Lowe","TB","2B","260","36","10","38","4",".250",".323","65","14","1","28","80",".433",".756","2%"
"Matt Adams","WSH","1B,LF","272","37","17","50","0",".258",".315","70","14","0","23","69",".491",".806","2%"
"Tyler Austin","MIN","1B,DH","185","25","11","31","1",".238",".299","44","10","0","16","65",".464",".763","0%"
"Neil Walker","MIA","1B,2B,3B","349","43","11","43","1",".241",".317","84","15","1","39","84",".389",".706","1%"
"Cameron Maybin","SF","LF,CF,RF","196","24","4","19","8",".252",".326","49","9","2","21","47",".364",".689","0%"
"Russell Martin","LAD","C,3B","232","31","9","28","1",".214",".320","50","8","0","36","68",".365",".686","2%"
"Mikie Mahtook","DET","LF,RF","301","37","10","36","5",".236",".290","71","12","4","23","90",".405",".695","0%"
"Matt Wieters","STL","C","203","21","6","25","0",".231",".299","47","8","0","20","48",".369",".668","0%"
"Roman Quinn","PHI","LF,CF","229","29","4","24","15",".246",".307","56","9","3","20","65",".370",".677","1%"
"Dan Vogelbach","SEA","1B,DH","185","25","8","28","0",".247",".348","46","8","0","29","53",".421",".769","0%"
"Nate Lowe","TB","1B","251","34","10","35","1",".261",".332","65","12","1","27","66",".439",".771","1%"
"Devon Travis","TOR","2B","327","40","9","39","4",".257",".293","84","19","2","17","65",".410",".703","0%"
"Patrick Wisdom","TEX","3B","190","27","8","27","3",".241",".306","46","9","1","18","65",".410",".716","0%"
"Adolis Garcia","STL","RF","125","15","5","16","3",".235",".269","29","8","1","6","40",".405",".674","0%"
"Alen Hanson","SF","2B,3B,SS,LF","265","35","6","28","10",".253",".289","67","13","4","13","51",".401",".690","1%"
"Travis Jankowski","SD","LF,CF,RF","180","24","2","11","11",".248",".322","45","7","1","20","44",".331",".653","0%"
"Carlos Gomez","NYM","RF","244","29","8","26","7",".219",".275","53","11","1","19","70",".370",".645","0%"
"Josh Phegley","OAK","C","240","27","6","29","1",".219",".274","53","14","1","18","64",".366",".640","0%"
"Logan Forsythe","TEX","2B,3B","142","19","3","14","1",".245",".329","35","7","0","18","37",".358",".687","0%"
"Logan Morrison","","1B,DH","314","43","17","47","1",".227",".314","71","14","1","40","85",".435",".748","0%"
"Aaron Altherr","PHI","CF,RF","231","31","8","34","4",".222",".302","51","11","2","26","76",".395",".697","0%"
"Mauricio Dubon","MIL","SS","136","15","3","14","6",".250",".291","34","6","1","8","27",".367",".658","0%"
"Christian Arroyo","TB","2B,3B","96","9","2","10","1",".236",".277","23","5","0","5","23",".356",".633","0%"
"Rowdy Tellez","TOR","1B","149","18","6","20","2",".253",".311","38","10","0","12","34",".435",".745","0%"
"Ji-Man Choi","TB","DH","383","48","16","57","3",".247",".336","95","22","1","52","109",".435",".771","1%"
"Nick Martini","OAK","LF","291","39","4","30","3",".255",".335","74","14","3","35","78",".361",".696","0%"
"Aledmys Diaz","HOU","3B,SS","244","32","9","32","2",".266",".308","65","14","0","15","38",".436",".744","2%"
"Jordan Luplow","CLE","LF,RF","319","45","11","43","5",".244",".317","78","18","2","34","81",".416",".732","0%"
"Denard Span","","LF","318","44","8","35","7",".263",".329","84","16","3","32","51",".408",".737","1%"
"Christian Walker","ARI","1B","232","32","10","35","1",".242",".296","56","13","2","18","69",".441",".737","0%"
"James McCann","CWS","C","241","22","6","27","0",".231",".279","56","10","1","16","73",".354",".632","1%"
"Jorge Bonifacio","KC","LF,RF","254","33","7","29","1",".240",".312","61","14","2","27","80",".392",".704","0%"
"Jonathan Davis","TOR","OF","99","12","2","9","4",".218",".278","22","5","1","8","31",".322",".600","0%"
"Mark Canha","OAK","1B,LF,CF,RF","223","32","9","30","1",".240",".300","54","13","1","19","63",".424",".724","1%"
"Max Stassi","HOU","C","213","27","8","27","1",".220",".291","47","10","0","21","67",".382",".673","1%"
"JaCoby Jones","DET","LF,CF","436","52","12","44","13",".222",".270","97","20","4","29","151",".370",".641","0%"
"Tyler Saladino","MIL","SS","129","15","3","14","4",".233",".290","30","5","1","10","35",".355",".645","0%"
"Mac Williamson","SF","LF","373","46","15","48","3",".228",".290","85","17","1","33","110",".396",".686","0%"
"David Bote","CHC","2B,3B","197","24","7","27","2",".240",".304","47","10","1","18","59",".409",".713","1%"
"Chad Pinder","OAK","2B,3B,LF,RF","244","32","10","30","1",".250",".302","61","12","1","18","76",".433",".735","1%"
"Robbie Grossman","OAK","LF,RF,DH","274","38","6","32","1",".256",".355","70","16","1","42","63",".382",".737","1%"
"Brandon Drury","TOR","2B,3B","313","34","9","38","2",".246",".304","77","20","1","26","86",".398",".702","1%"
"Austin Wynns","BAL","C","269","30","7","27","1",".232",".284","63","10","1","19","67",".351",".635","0%"
"Tony Wolters","COL","C","198","23","3","23","2",".228",".311","45","8","2","24","49",".342",".653","0%"
"Martin Maldonado","KC","C","363","38","10","40","1",".224",".265","82","17","1","20","101",".359",".624","2%"
"Magneuris Sierra","MIA","CF,RF","197","18","1","13","6",".231",".263","45","7","2","9","44",".299",".562","0%"
"Jason Castro","MIN","C","281","34","8","32","1",".218",".304","61","15","1","34","100",".363",".667","0%"
"Tony Kemp","HOU","LF,CF","253","34","4","26","9",".262",".327","66","11","2","24","40",".368",".696","1%"
"Lonnie Chisenhall","PIT","RF","292","36","8","41","3",".274",".332","80","17","2","25","59",".435",".766","0%"
"DJ Stewart","BAL","LF","313","40","11","38","8",".226",".302","71","14","1","34","96",".377",".679","0%"
"Chris Owings","KC","2B,3B,CF,RF","342","40","7","36","12",".247",".291","85","21","2","21","81",".379",".669","1%"
"Austin Slater","SF","LF","336","39","6","39","8",".259",".320","87","18","2","30","93",".376",".695","0%"
"Kevin Plawecki","CLE","C","247","31","7","33","1",".238",".309","59","14","1","25","58",".385",".694","0%"
"Cam Gallagher","KC","C","203","19","4","22","1",".232",".286","47","10","0","15","36",".343",".628","0%"
"Brett Phillips","KC","CF","380","45","9","41","8",".215",".285","82","16","5","37","152",".357",".642","0%"
"Austin Hays","BAL","CF,RF","209","25","8","30","3",".247",".283","51","10","1","11","51",".417",".700","1%"
"Tom Murphy","COL","C","136","16","6","19","1",".231",".278","31","9","1","9","46",".431",".709","0%"
"Travis d'Arnaud","NYM","C","202","22","8","27","0",".238",".292","48","10","1","15","44",".404",".696","0%"
"Chance Sisco","BAL","C","263","29","6","28","1",".228",".292","60","13","0","24","93",".344",".636","2%"
"Yairo Munoz","STL","3B,SS,CF","256","30","7","32","5",".259",".312","66","13","1","20","59",".397",".709","1%"
"Michael Perez","TB","C","155","17","4","18","1",".236",".289","37","8","1","12","44",".359",".648","0%"
"Jose Osuna","PIT","1B,3B,RF","183","24","6","25","1",".259",".308","47","13","1","13","37",".429",".738","0%"
"Matt Davidson","TEX","1B,3B,DH","207","25","10","32","0",".226",".295","47","9","0","20","85",".424",".720","1%"
"Taylor Ward","LAA","3B","232","30","8","28","5",".244",".318","57","9","0","25","61",".388",".706","0%"
"Daniel Robertson","TB","2B,3B,SS","332","46","9","37","3",".247",".332","82","17","1","43","86",".386",".718","1%"
"Dustin Fowler","OAK","CF","248","30","6","31","8",".256",".291","64","13","4","12","52",".412",".703","1%"
"Brian Goodwin","KC","LF,CF,RF","222","28","8","28","5",".234",".297","52","12","1","20","78",".401",".699","0%"
"Phillip Ervin","CIN","LF,RF","181","23","6","25","7",".240",".309","43","10","1","18","48",".395",".704","0%"
"Jarrod Dyson","ARI","CF,RF","218","31","2","18","17",".235",".305","51","8","3","22","37",".331",".637","0%"
"Yangervis Solarte","SF","2B,3B,SS","321","36","10","41","1",".252",".302","81","16","1","23","49",".400",".703","2%"
"Curtis Granderson","MIA","LF,RF,DH","340","49","13","39","3",".227",".323","77","17","3","48","102",".405",".728","1%"
"Kevan Smith","LAA","C","192","21","4","22","0",".262",".305","50","9","0","12","36",".378",".683","0%"
"Clint Frazier","NYY","LF","191","30","8","25","3",".251",".320","48","10","2","19","58",".447",".768","2%"
"Melky Cabrera","PIT","RF","197","22","4","26","1",".280",".326","55","12","1","13","28",".415",".741","1%"
"Austin Romine","NYY","C","197","22","6","27","1",".235",".284","46","9","0","13","52",".375",".659","1%"
"Dominic Smith","NYM","1B,LF","168","19","5","18","1",".234",".284","39","9","1","12","50",".374",".658","1%"
"Jordy Mercer","DET","SS","415","47","9","46","2",".253",".313","105","24","2","37","85",".390",".703","0%"
"Alex Avila","ARI","C","244","27","9","29","0",".209",".330","51","10","1","44","103",".361",".691","0%"
"Nicky Delmonico","CWS","LF","263","33","9","31","2",".232",".304","61","13","3","27","67",".402",".706","0%"
"A.J. Reed","HOU","1B","144","20","8","24","0",".225",".303","33","6","0","16","49",".420",".723","0%"
"Brock Holt","BOS","2B,SS,RF","256","33","5","31","5",".262",".335","67","14","1","28","58",".382",".717","2%"
"Ehire Adrianza","MIN","1B,3B,SS","167","22","3","20","3",".255",".308","43","9","1","13","42",".378",".686","0%"
"Austin Dean","MIA","LF","332","40","9","40","2",".258",".309","86","17","2","25","68",".398",".707","0%"
"Derek Dietrich","CIN","1B,LF","240","34","9","30","1",".260",".313","63","13","2","18","68",".438",".751","2%"
"Kaleb Cowart","LAA","2B,3B","156","18","3","18","4",".219",".277","34","9","1","13","47",".344",".621","0%"
"Alex Blandino","CIN","2B,3B,SS","128","15","3","13","2",".234",".308","30","7","0","14","40",".353",".661","0%"
"Martin Prado","MIA","3B","308","32","4","32","2",".263",".310","81","16","1","21","55",".365",".675","0%"
"Tyler Wade","NYY","2B","162","21","3","15","4",".234",".300","38","8","1","15","49",".350",".650","0%"
"Cavan Biggio","TOR","2B","256","34","9","33","7",".204",".302","52","10","2","36","179",".424",".726","1%"
"J.T. Riddle","MIA","SS","453","45","10","52","3",".245",".291","111","19","4","29","96",".375",".665","0%"
"Jon Jay","CWS","LF,CF,RF,DH","293","40","2","23","3",".263",".310","77","12","3","20","62",".345",".655","1%"
"Jose Iglesias","CIN","SS","285","31","3","30","7",".263",".299","75","18","1","15","33",".370",".668","1%"
"Wilmer Difo","WSH","2B,3B","225","29","4","23","6",".248",".304","56","9","3","18","50",".364",".668","0%"
"David Freese","LAD","1B,3B","249","32","9","36","0",".263",".329","65","11","1","25","68",".414",".744","1%"
"Blake Swihart","BOS","C,1B,LF,RF,DH","176","23","3","19","4",".229",".293","40","9","1","16","48",".338",".631","1%"
"Brad Miller","LAD","1B,2B,SS,DH","145","18","6","20","1",".233",".314","34","7","1","17","45",".409",".723","0%"
"Sandy Leon","BOS","C","223","26","5","25","1",".218",".273","49","11","0","17","61",".341",".614","0%"
"Chris Shaw","SF","LF","189","20","7","24","0",".224",".270","42","11","1","12","69",".388",".658","0%"
"Lucas Duda","","1B,DH","237","30","13","40","1",".238",".311","57","13","0","25","86",".455",".766","0%"
"Yordan Alvarez","HOU","LF","214","29","9","31","4",".254",".317","54","10","1","20","65",".432",".749","0%"
"Victor Caratini","CHC","C,1B","193","23","4","24","0",".254",".315","49","11","1","17","45",".377",".693","0%"
"Adam Engel","CWS","CF","390","45","8","32","15",".219",".264","85","16","3","24","126",".337",".600","0%"
"Gerardo Parra","SF","LF,RF","307","35","5","34","6",".265",".309","81","16","1","20","64",".371",".680","1%"
"Jake Marisnick","HOU","CF","199","30","8","26","6",".224",".275","45","9","1","14","70",".404",".679","0%"
"Austin Riley","ATL","3B","131","17","5","18","0",".248",".300","33","6","1","10","48",".431",".731","2%"
"Roberto Perez","CLE","C","260","28","6","32","1",".198",".286","51","13","1","32","89",".330",".616","0%"
"Leury Garcia","CWS","2B,LF,CF,RF","254","28","5","28","10",".259",".293","66","10","3","12","65",".376",".670","0%"
"Tyler Naquin","CLE","LF,CF,RF","363","47","10","46","4",".261",".313","94","19","2","28","103",".402",".715","0%"
"Jose Pirela","SD","1B,2B,LF,RF","201","26","4","20","3",".262",".311","53","11","1","14","43",".394",".705","0%"
"Kevin Newman","PIT","SS","301","34","3","27","9",".258",".300","78","16","2","18","49",".350",".650","0%"
"Nick Gordon","MIN","SS","171","19","2","15","5",".246",".288","42","8","2","10","49",".358",".646","1%"
"Hanley Ramirez","CLE","1B,DH","154","20","7","24","2",".250",".318","39","6","0","15","36",".430",".748","1%"
"Juan Lagares","NYM","CF","207","25","3","18","5",".254",".295","53","9","2","12","48",".358",".653","0%"
"Charlie Culberson","ATL","3B,SS,LF","195","24","6","23","3",".244",".290","48","10","1","13","49",".390",".680","1%"
"Miguel Rojas","MIA","1B,3B,SS","305","32","6","32","3",".259",".301","79","13","1","18","41",".361",".663","1%"
"Nick Hundley","OAK","C","143","16","5","18","1",".240",".290","34","8","1","10","42",".414",".704","0%"
"Preston Tucker","CWS","LF,RF","131","15","5","17","0",".221",".279","29","7","1","11","36",".390",".668","0%"
"Carter Kieboom","WSH","SS","189","25","6","22","3",".243",".307","46","10","0","18","49",".394",".701","1%"
"Chris Herrmann","OAK","C","177","23","5","21","2",".212",".305","37","8","2","24","54",".362",".668","0%"
"Jeff Mathis","TEX","C","276","27","4","29","1",".218",".280","60","13","2","24","87",".321",".600","0%"
"Myles Straw","HOU","RF","149","20","2","12","11",".256",".330","38","5","1","16","36",".351",".680","0%"
"Charlie Tilson","CWS","LF,CF","181","17","1","14","5",".232",".278","42","6","2","12","51",".289",".568","0%"
"Pat Valaika","COL","1B,2B","148","17","5","18","1",".230",".272","34","8","1","9","41",".397",".669","0%"
"Andrew Knizner","STL","C","131","15","3","14","0",".256",".304","33","6","0","9","25",".380",".685","0%"
"Luke Maile","TOR","C","142","15","3","16","1",".219",".281","31","7","0","12","43",".341",".622","0%"
"Andrew Knapp","PHI","C","158","19","4","16","1",".223",".312","35","7","1","20","59",".350",".662","0%"
"Paulo Orlando","LAD","CF","175","18","3","17","2",".232",".259","41","8","1","6","48",".348",".607","0%"
"Meibrys Viloria","KC","C","131","14","2","14","1",".235",".281","31","7","0","8","35",".349",".630","0%"
"David Freitas","SEA","C","171","18","3","18","0",".240",".296","41","10","0","14","43",".359",".655","0%"
"Curt Casali","CIN","C","110","12","4","14","0",".240",".306","26","5","0","10","28",".384",".690","0%"
"Erik Gonzalez","PIT","1B,2B,3B,SS","355","41","7","37","7",".251",".283","89","19","2","16","98",".375",".658","0%"
"Richie Martin","BAL","SS","269","30","4","23","8",".244",".296","66","12","2","20","62",".351",".647","0%"
"Daniel Descalso","CHC","1B,2B,3B","266","38","9","39","1",".236",".341","63","14","2","42","78",".399",".740","1%"
"Andrew Toles","LAD","CF","160","21","4","20","3",".253",".292","41","10","1","9","36",".395",".687","0%"
"Stephen Vogt","SF","C,1B","189","20","6","24","0",".243",".298","46","10","1","15","44",".401",".699","0%"
"Yusniel Diaz","BAL","CF,RF","186","23","4","18","4",".255",".331","47","7","2","21","58",".386",".718","2%"
"Dawel Lugo","DET","2B","140","14","2","13","2",".249",".271","35","7","1","4","23",".356",".627","0%"
"Reese McGuire","TOR","C","113","12","3","12","1",".226",".285","26","6","1","9","28",".351",".637","0%"
"Aramis Garcia","SF","C","127","14","4","15","0",".227",".274","29","6","0","8","40",".368",".642","0%"
"J.R. Murphy","ARI","C","139","13","5","15","0",".214",".264","30","7","0","10","42",".361",".625","0%"
"Cory Spangenberg","MIL","2B,3B,LF","206","26","6","23","5",".252",".306","52","9","2","16","67",".394",".700","0%"
"Andres Gimenez","NYM","SS","250","26","4","20","12",".219",".261","55","10","2","14","66",".328",".589","1%"
"Jose Briceno","LAA","C,DH","123","14","4","14","1",".223",".264","27","5","0","7","33",".373",".637","0%"
"Howie Kendrick","WSH","2B,LF","188","25","5","21","4",".295",".339","55","12","1","13","40",".432",".772","0%"
"Joey Rickard","BAL","LF,CF,RF","298","36","7","30","6",".244",".304","73","15","1","26","75",".373",".677","0%"
"Jorge Mateo","OAK","SS","154","15","2","14","7",".208",".248","32","6","3","8","60",".328",".575","0%"
"Oscar Mercado","CLE","CF","166","20","2","15","9",".241",".295","40","8","1","13","39",".342",".637","0%"
"Erik Kratz","MIL","C","104","11","3","12","1",".232",".275","24","5","0","6","26",".367",".642","0%"
"Michael Chavis","BOS","3B","113","15","5","17","1",".246",".293","28","7","0","8","45",".443",".736","2%"
"Ke'Bryan Hayes","PIT","3B","141","16","2","13","3",".245",".311","35","7","2","14","37",".378",".689","1%"
"Brent Rooker","MIN","1B,LF","259","33","11","36","2",".226",".285","59","13","1","22","167",".413",".698","0%"
"Mark Reynolds","COL","1B","195","26","11","32","1",".254",".328","49","9","0","21","65",".460",".788","0%"
"Drew Butera","PHI","C","107","11","2","13","0",".219",".282","23","4","1","9","31",".337",".619","0%"
"Rajai Davis","NYM","LF,CF,DH","132","19","3","10","10",".229",".282","30","6","1","10","35",".321",".603","0%"
"Garrett Cooper","MIA","LF","266","27","6","32","1",".255",".310","68","15","1","21","67",".392",".701","0%"
"Caleb Joseph","ARI","C","135","14","3","12","1",".228",".268","31","7","1","7","38",".354",".622","0%"
"Keibert Ruiz","LAD","C","125","14","3","14","0",".263",".302","33","6","0","7","17",".387",".689","1%"
"Daz Cameron","DET","CF","230","27","4","24","9",".226",".282","52","11","4","18","82",".373",".654","0%"
"Hunter Pence","TEX","LF,RF","269","33","8","38","4",".258",".312","69","13","2","21","74",".396",".707","0%"
"Michael Hermosillo","LAA","LF,CF,RF","174","22","5","19","4",".230",".292","40","8","1","15","59",".367",".659","0%"
"Dylan Moore","SEA","SS","174","20","4","18","5",".224",".280","39","8","1","14","43",".357",".638","0%"
"Zack Collins","CWS","C","123","16","4","14","1",".180",".311","22","5","0","23","66",".346",".657","0%"
"Ben Gamel","MIL","LF,RF","241","33","4","26","5",".270",".334","65","13","3","23","53",".396",".730","0%"
"Devin Mesoraco","NYM","C","104","10","4","13","0",".221",".292","23","4","0","10","25",".385",".677","0%"
"Chad Wallach","MIA","C","156","16","4","16","0",".205",".273","32","7","0","14","56",".322",".594","0%"
"Alcides Escobar","","SS,CF","288","31","3","24","5",".243",".279","70","12","2","14","51",".334",".613","0%"
"Rene Rivera","SF","C","100","10","4","12","0",".227",".275","23","4","0","7","35",".375",".649","0%"
"Francisco Pena","STL","C","104","10","2","9","1",".227",".261","24","5","0","5","31",".321",".582","0%"
"Sam Travis","BOS","LF","125","14","3","13","1",".246",".300","31","7","0","10","37",".360",".660","0%"
"Bobby Wilson","DET","C","119","11","3","13","0",".201",".256","24","5","0","9","35",".310",".566","0%"
"Jacob Stallings","PIT","C","82","9","1","10","0",".243",".289","20","6","0","5","20",".346",".635","0%"
"Victor Reyes","DET","LF,RF,DH","212","27","2","18","7",".242",".274","51","8","3","9","48",".333",".607","0%"
"Jett Bandy","TEX","C","133","15","5","16","1",".228",".268","30","8","0","7","31",".387",".655","0%"
"A.J. Ellis","","C","95","10","2","10","0",".237",".324","23","5","0","12","20",".336",".660","0%"
"Bryan Holaday","MIA","C","110","9","2","13","0",".219",".266","24","6","0","7","27",".307",".573","0%"
"Kyle Higashioka","NYY","C","91","10","3","12","0",".213",".269","19","4","0","7","26",".358",".627","0%"
"Zack Granite","TEX","CF","116","14","2","11","5",".252",".308","29","4","1","10","21",".340",".649","0%"
"Seby Zavala","CWS","C","126","14","4","15","0",".223",".275","28","6","0","9","42",".382",".657","0%"
"Joe McCarthy","TB","1B,LF","112","14","3","12","3",".226",".309","25","5","1","13","32",".380",".689","0%"
"Jose Trevino","TEX","C","131","13","2","13","0",".227",".261","30","5","0","6","25",".317",".578","0%"
"Tomas Nido","NYM","C","112","11","2","12","0",".218",".256","24","6","0","6","29",".333",".589","0%"
"Kevin Kramer","PIT","3B","176","21","4","21","3",".251",".305","44","10","1","14","51",".393",".697","0%"
"Ryan Lavarnway","NYY","C,1B","154","18","5","18","0",".228",".297","35","8","0","15","74",".403",".699","0%"
"Ryan Mountcastle","BAL","SS","224","26","6","25","1",".247",".277","55","11","1","9","60",".386",".663","1%"
"Jhonatan Solano","","C","155","14","2","14","1",".223",".262","35","7","0","8","25",".312",".573","0%"
"Alex Dickerson","SD","LF,RF","130","17","4","17","1",".249",".300","32","7","1","9","41",".423",".722","0%"
"Eric Haase","CLE","C","98","11","4","13","0",".208",".265","20","5","1","8","41",".389",".654","0%"
"Jason Martin","PIT","LF,CF","185","22","5","21","4",".244",".298","45","9","2","14","49",".389",".688","0%"
"Jacob Nottingham","MIL","C","82","10","3","10","1",".206",".264","17","4","1","6","36",".379",".642","0%"
"Jesus Sucre","BAL","C","161","13","3","19","1",".229",".266","37","6","0","8","34",".323",".588","0%"
"T.J. Rivera","","2B,3B","106","11","2","12","0",".264",".292","28","5","0","4","20",".372",".665","0%"
"Jose Lobaton","SEA","C","56","5","1","6","0",".211",".288","12","2","0","6","16",".341",".628","0%"
"Tim Locastro","ARI","CF","107","14","1","10","5",".254",".295","27","7","1","6","23",".348",".643","0%"
"Garrett Stubbs","HOU","C","107","13","1","10","2",".232",".300","25","5","1","10","22",".340",".640","0%"
"Mike Tauchman","COL","CF,RF","132","18","3","16","4",".274",".340","36","8","2","13","28",".409",".749","0%"
"Cameron Rupp","DET","C","239","26","9","29","0",".222",".290","53","12","1","23","118",".382",".672","0%"
"Nick Ciuffo","TB","C","83","8","1","8","0",".215",".260","18","4","0","5","29",".322",".583","0%"
"Pablo Sandoval","SF","1B,3B","173","18","6","24","0",".243",".296","42","7","1","13","35",".395",".691","0%"
"Joe Hudson","STL","C","80","8","2","7","0",".200",".264","16","6","0","7","23",".326",".590","0%"
"Taylor Davis","CHC","1B,3B","111","12","1","11","0",".243",".301","27","6","0","9","22",".319",".620","0%"
"Hector Sanchez","DET","C","119","13","5","17","0",".231",".280","28","6","0","8","38",".408",".687","0%"
"Rocky Gale","LAD","C","87","8","1","8","0",".218",".252","19","3","0","4","21",".278",".530","0%"
"Dylan Cozens","PHI","LF","101","14","6","17","2",".202",".285","20","5","0","12","53",".416",".701","0%"
"Pedro Severino","WSH","C","108","10","2","11","0",".221",".269","24","4","0","7","28",".340",".609","0%"
"Cole Tucker","PIT","SS","130","15","1","12","7",".232",".294","30","5","2","12","32",".331",".626","0%"
"Lane Thomas","STL","OF","186","22","5","22","4",".234",".290","44","7","2","15","55",".374",".664","0%"
"Yonathan Daza","COL","CF,RF","137","16","1","13","3",".290",".316","40","7","1","5","25",".403",".719","0%"
"Austin Allen","SD","C","173","20","6","21","0",".237",".285","41","8","0","11","46",".396",".680","0%"
"Spencer Kieboom","WSH","C","91","10","1","9","0",".230",".305","21","4","0","10","22",".315",".620","0%"
"Tim Federowicz","CIN","C","113","13","3","14","0",".239",".295","27","9","0","9","42",".394",".689","0%"
"Beau Taylor","OAK","C","84","9","1","7","0",".210",".291","18","4","0","10","31",".294",".584","0%"
"Brett Nicholas","COL","C","233","29","7","33","1",".262",".306","61","14","1","15","88",".414",".720","0%"
"Edmundo Sosa","STL","SS","196","20","3","18","2",".237",".270","46","10","1","9","43",".350",".620","0%"
"Adam Moore","","C","48","5","1","5","0",".209",".258","10","2","0","3","22",".330",".588","0%"
"Alex Jackson","ATL","C,RF","132","15","4","16","0",".209",".267","28","8","1","10","46",".369",".636","0%"
"Isan Diaz","MIA","2B,SS","136","16","3","14","3",".200",".288","27","5","1","17","56",".333",".621","0%"
"Anthony Recker","","C","136","16","5","18","1",".214",".283","29","8","1","13","82",".378",".660","0%"
"Luis Torrens","SD","C","172","16","2","17","0",".231",".270","40","9","1","9","35",".335",".605","0%"
"Juan Graterol","CIN","C","120","11","1","9","0",".243",".261","29","5","0","3","21",".278",".539","0%"
"Raudy Read","WSH","C","132","14","3","14","1",".239",".277","31","7","1","7","29",".369",".646","0%"
"Andrew Susac","BAL","C","99","11","4","11","0",".208",".285","21","5","0","11","39",".365",".651","0%"
"Chris Stewart","SD","C","61","6","0","3","0",".191",".256","12","2","0","5","12",".238",".494","0%"
"Ronny Rodriguez","DET","2B,3B,SS","197","22","6","23","4",".255",".289","50","10","2","10","41",".405",".694","0%"
"Tommy La Stella","LAA","2B,3B","162","20","3","18","1",".255",".323","41","8","0","16","31",".361",".683","0%"
"Socrates Brito","ARI","RF","172","22","5","21","3",".250",".300","43","8","2","12","48",".406",".706","0%"
"Noel Cuevas","COL","LF,RF","169","20","4","19","3",".269",".308","45","8","2","10","37",".404",".712","0%"
"Guillermo Heredia","TB","LF,CF","194","22","3","16","2",".246",".312","48","8","1","19","38",".347",".660","0%"
"Greg Garcia","SD","2B,3B,SS","182","20","3","16","3",".246",".327","45","8","1","22","45",".339",".667","0%"
"Ezequiel Carrera","LAD","LF,CF,RF","143","20","4","15","5",".249",".316","36","6","1","14","37",".398",".714","0%"
"Rio Ruiz","BAL","3B","176","21","5","20","1",".230",".295","41","9","1","16","48",".358",".653","0%"
"Matt Joyce","OAK","LF","157","25","6","20","1",".232",".334","36","10","0","24","41",".414",".748","0%"
"Rosell Herrera","MIA","2B,3B,CF,RF","183","19","2","16","5",".233",".291","42","9","2","15","45",".335",".625","0%"
"Gorkys Hernandez","BOS","LF,CF","186","23","5","19","5",".240",".294","45","11","1","14","50",".376",".670","0%"
"Brandon Dixon","DET","1B,RF","139","17","5","17","3",".240",".288","33","8","0","10","48",".415",".703","0%"
"Chris Young","","LF,CF,RF,DH","141","19","5","16","2",".217",".291","31","6","1","15","40",".395",".685","0%"
"Max Moroff","CLE","2B","169","24","5","23","2",".220",".318","37","9","1","24","58",".362",".680","0%"
"Jim Adduci","CHC","1B,RF","156","18","3","19","3",".244",".287","38","9","1","10","53",".377",".664","0%"
"Andrew Romine","PHI","1B,2B,3B,SS,CF","208","24","2","16","4",".226",".275","47","8","1","14","61",".294",".568","0%"
"Steve Wilkerson","BAL","IF","197","21","4","18","3",".231",".282","46","8","1","14","62",".328",".611","0%"
"Anthony Santander","BAL","LF,RF","140","15","4","15","2",".239",".277","33","8","1","7","29",".381",".659","0%"
"Drew Ferguson","SF","CF","134","17","3","14","3",".243",".316","33","7","1","14","38",".360",".676","0%"
"Drew Jackson","BAL","2B,3B,SS","193","23","5","19","6",".225",".287","43","8","1","17","60",".350",".637","0%"
"Mitch Walding","PHI","3B","111","15","4","15","1",".208",".298","23","5","1","14","51",".382",".680","0%"
"Dwight Smith Jr.","BAL","LF","135","16","4","15","2",".244",".308","33","8","1","13","36",".393",".701","0%"
"Ben Revere","TEX","LF,CF","151","20","2","13","6",".271",".314","41","7","2","10","22",".346",".660","0%"
"Carlos Tocci","TEX","CF","142","16","2","12","2",".251",".301","36","6","2","10","40",".339",".640","0%"
"Austin Jackson","","CF","182","20","2","18","2",".249",".308","45","10","1","16","52",".355",".663","0%"
"Jacoby Ellsbury","NYY","CF","136","20","2","14","6",".254",".321","34","7","1","13","26",".369",".690","0%"
"Anthony Garcia","SF","RF","248","33","9","32","2",".244",".310","61","14","1","24","60",".396",".706","0%"
"Jose Rondon","CWS","2B,SS,DH","184","22","6","22","3",".243",".284","45","9","1","10","49",".409",".692","0%"
"Drew Robinson","STL","2B,CF","121","16","5","14","2",".212",".295","26","5","1","14","54",".373",".667","0%"
"Ryder Jones","SF","1B,3B","110","12","3","12","1",".231",".270","25","6","1","6","34",".339",".610","0%"
"Adam Rosales","MIN","1B","160","18","6","21","1",".224",".276","36","8","0","12","58",".378",".655","0%"
"Kyle Farmer","CIN","3B","137","15","3","16","1",".248",".295","34","9","1","9","32",".392",".687","0%"
"Rafael Ortega","ATL","LF,CF","182","21","1","17","6",".251",".314","46","8","3","17","36",".324",".639","0%"
"Terrance Gore","KC","LF,DH","95","12","0","8","11",".210",".270","20","3","0","8","33",".254",".524","0%"
"Adeiny Hechavarria","NYM","SS","159","17","3","15","1",".246",".286","39","6","1","9","32",".355",".641","0%"
"Ronald Torreyes","MIN","2B,3B,SS","120","13","1","11","1",".270",".300","32","6","1","5","19",".352",".652","0%"
"Ildemaro Vargas","ARI","2B","154","18","3","16","3",".266",".307","41","8","1","9","21",".391",".698","0%"
"Jace Peterson","BAL","2B,3B,LF,RF","120","13","2","13","5",".222",".316","27","6","1","17","27",".334",".650","0%"
"Michael Reed","MIN","LF,CF","117","17","4","14","2",".241",".326","28","6","0","15","43",".400",".725","0%"
"Hanser Alberto","BAL","SS","116","12","2","11","1",".262",".287","30","6","1","4","17",".360",".647","0%"
"Harold Ramirez","","RF","250","26","4","24","5",".240",".276","60","11","1","13","54",".368",".644",""
"Ryan Flaherty","CLE","3B","157","19","3","17","3",".231",".306","36","7","0","17","37",".327",".633","0%"
"Andrew Stevenson","WSH","LF,RF","114","13","2","10","4",".233",".287","27","4","1","9","32",".318",".605","0%"
"Isaac Galloway","MIA","CF,DH","115","14","3","11","5",".229",".276","26","6","1","7","34",".352",".628","0%"
"Abraham Almonte","","CF","119","16","3","11","2",".229",".301","27","7","2","12","32",".372",".673","0%"
"Breyvic Valera","SF","2B","108","12","1","10","2",".258",".317","28","4","1","9","13",".347",".664","0%"
"Dustin Peterson","DET","3B,LF","86","11","3","10","1",".248",".310","21","4","0","8","30",".354",".664","0%"
"Mark Zagunis","CHC","RF","114","16","3","13","2",".239",".336","27","6","1","17","33",".372",".708","0%"
"Connor Joe","CIN","LF","120","15","4","14","0",".235",".315","28","6","1","14","34",".384",".699","0%"
"Jose Reyes","","2B,3B,SS","139","19","3","14","5",".236",".299","33","7","1","13","22",".377",".676","0%"
"Ryan Cordell","CWS","CF,RF","102","11","3","11","2",".220",".267","22","4","1","7","35",".366",".633","0%"
"Samir Duenez","","1B","180","21","5","22","2",".234",".288","42","9","1","14","60",".391",".679","0%"
"Anthony Alford","TOR","LF","117","14","2","11","4",".219",".280","26","6","0","10","40",".333",".613","0%"
"Matthew Szczur","ARI","LF,RF","113","15","3","12","2",".235",".312","27","6","1","13","31",".365",".677","0%"
"Chris Bostick","BAL","2B,LF","133","14","2","12","2",".233",".286","31","8","1","10","45",".322",".608","0%"
"Tyrone Taylor","MIL","LF,CF,RF","144","16","4","17","3",".239",".279","34","6","1","8","30",".376",".654","0%"
"Mike Freeman","CLE","SS","144","16","2","12","2",".234",".285","34","8","1","10","37",".291",".576","0%"
"Jose Bautista","","3B,LF,RF","203","31","8","27","2",".209",".325","42","10","0","35","64",".381",".706","0%"
"Josh Fuentes","COL","IF","127","15","3","16","1",".276",".303","35","7","2","5","28",".439",".742","0%"
"Mike Gerber","SF","LF","130","14","4","13","1",".210",".264","27","7","1","10","52",".337",".601","0%"
"Luis Rengifo","LAA","IF","143","18","2","14","7",".241",".303","34","6","2","13","31",".355",".657","0%"
"Taylor Motter","DET","RF","207","25","7","26","7",".225",".292","47","11","1","20","49",".360",".652","0%"
"Matt Holliday","","LF","155","19","6","21","0",".242",".324","37","8","0","19","47",".409",".733","0%"
"Shed Long","CIN","2B","133","16","3","14","4",".234",".301","31","6","1","13","46",".383",".684","0%"
"Andy Young","ARI","IF","106","13","4","12","1",".236",".283","25","4","1","7","28",".406",".689","0%"
"Mason Williams","CIN","CF","146","16","2","11","3",".250",".300","37","7","1","11","39",".352",".652","0%"
"Dalton Pompey","TOR","LF","134","17","4","13","4",".234",".299","31","6","1","12","39",".379",".678","0%"
"Jose Siri","CIN","CF","170","20","6","22","8",".225",".269","38","6","3","10","61",".387",".656","0%"
"Craig Gentry","","LF,CF,RF","102","11","1","7","5",".232",".285","24","4","1","8","23",".303",".587","0%"
"Billy Burns","NYY","CF","215","25","2","15","8",".247",".291","53","6","2","14","36",".287",".578","0%"
"J.B. Shuck","PIT","LF,CF,RF","138","15","1","10","3",".241",".299","33","7","1","12","22",".327",".626","0%"
"Ramon Urias","STL","IF","90","12","3","12","1",".254",".305","23","5","0","7","21",".398",".703","0%"
"Brandon Guyer","CWS","LF,RF","131","17","4","15","1",".221",".274","29","6","0","10","31",".368",".641","0%"
"Pedro Alvarez","MIA","3B,DH","156","18","7","22","0",".218",".281","34","6","0","14","63",".378",".659","0%"
"Sean Rodriguez","PHI","2B,SS,LF,CF","93","13","4","12","1",".207",".290","19","4","0","11","37",".385",".675","0%"
"Tony Renda","BOS","2B,3B,LF","181","21","2","17","5",".257",".298","47","11","1","11","29",".355",".653","0%"
"Abiatal Avelino","SF","IF","112","12","2","10","4",".243",".282","27","5","1","6","29",".333",".615","0%"
"Joey Curletta","SEA","RF","145","17","5","19","1",".201",".278","29","7","0","15","55",".368",".645","0%"
"Bubba Starling","","CF,RF","165","17","4","14","3",".201",".251","33","9","1","11","56",".310",".561","0%"
"Scott Heineman","TEX","OF","185","24","5","20","4",".250",".306","46","9","1","15","49",".397",".703","0%"
"Tzu-Wei Lin","BOS","SS","118","15","2","12","2",".257",".312","30","7","1","9","30",".388",".700","0%"
"Adrian Sanchez","WSH","2B","107","11","2","11","2",".247",".285","26","6","0","6","21",".340",".625","0%"
"Johnny Field","CHC","LF,CF,RF","199","24","6","23","4",".236",".273","47","17","1","10","66",".389",".661","0%"
"Jack Reinheimer","BAL","LF","145","16","2","11","5",".220",".278","32","7","1","12","44",".277",".555","0%"
"Andres Blanco","","1B,2B,3B,SS","115","13","2","12","1",".229",".285","26","6","1","9","28",".344",".629","0%"
"Kevin Cron","ARI","IF","156","19","7","23","0",".238",".287","37","8","0","11","49",".419",".705","0%"
"Bobby Bradley","CLE","1B","148","19","7","22","0",".222",".286","33","7","1","13","51",".429",".715","0%"
"Brandon Barnes","CLE","LF,CF,RF","185","19","3","18","5",".220",".270","41","14","1","13","80",".316",".586","0%"
"Jefry Marte","","1B,3B","245","32","11","34","3",".222",".278","55","15","1","19","58",".394",".672","0%"
"Edwin Rios","LAD","1B","153","18","5","20","0",".233",".272","36","8","0","8","54",".395",".667","0%"
"Braden Bishop","SEA","CF","166","19","3","15","3",".236",".291","39","7","1","13","40",".352",".643","0%"
"John Andreoli","SF","LF","149","18","2","13","7",".225",".309","33","8","2","18","55",".330",".639","0%"
"Kelby Tomlinson","ARI","2B,SS","156","16","1","11","4",".245",".304","38","6","2","13","37",".310",".614","0%"
"Luis Basabe","CWS","CF","173","20","5","17","4",".217",".289","38","6","2","17","64",".354",".643","0%"
"Peter Bourjos","LAA","LF","158","18","3","13","2",".226",".267","36","8","4","9","52",".370",".637","0%"
"Corban Joseph","OAK","1B,2B","92","10","2","9","1",".248",".299","23","5","0","7","13",".388",".687","0%"
"Pedro Florimon","PHI","SS","117","13","2","11","2",".209",".269","24","5","1","10","55",".327",".596","0%"
"Bryan Reynolds","PIT","CF","133","16","3","14","1",".230",".289","31","6","1","11","36",".368",".658","0%"
"Ryan LaMarre","","LF,CF","119","11","2","10","3",".229",".277","27","8","1","8","50",".320",".597","0%"
"Cheslor Cuthbert","KC","1B,3B,DH","164","18","5","18","0",".244",".300","40","8","0","13","46",".387",".687","0%"
"Richard Urena","TOR","SS","153","15","2","15","2",".234",".274","36","9","1","9","42",".350",".624","0%"
"Boog Powell","OAK","CF","122","16","1","8","4",".235",".310","29","5","1","13","38",".261",".571","0%"
"Braxton Lee","NYM","RF","179","18","1","11","4",".220",".285","39","8","2","16","49",".274",".560","0%"
"Gregorio Petit","PHI","2B,SS","109","10","1","8","2",".225",".264","25","6","0","6","27",".282",".546","0%"
"Willi Castro","DET","2B,SS","158","17","3","14","5",".240",".276","38","7","1","8","38",".356",".632","0%"
"Troy Stokes Jr.","MIL","OF","183","23","6","21","6",".208",".285","38","8","2","20","62",".375",".661","0%"
"Jarrett Parker","LAA","LF,RF","187","25","9","25","3",".214",".288","40","7","1","20","116",".400",".688","0%"
"Luis Guillorme","NYM","3B","107","12","1","10","1",".244",".310","26","5","0","10","20",".325",".636","0%"
"Andrew Velazquez","TB","SS","140","15","3","12","6",".221",".267","31","5","1","9","59",".346",".613","0%"
"Matt Thaiss","LAA","1B","125","14","3","13","1",".232",".287","29","6","1","10","35",".377",".665","1%"
"Justin Williams","STL","RF","191","22","5","23","2",".255",".297","49","9","0","11","42",".393",".690","0%"
"Sergio Alcantara","DET","SS","154","15","1","10","3",".230",".282","35","5","1","11","34",".308",".590","0%"
"Gregor Blanco","NYM","LF,CF","167","21","2","11","5",".220",".292","37","7","2","17","61",".325",".617","0%"
"Jake Smolinski","TB","CF","133","17","5","15","2",".231",".291","31","7","1","11","42",".377",".668","0%"
"Zach Vincej","BAL","SS","207","21","3","19","3",".230",".277","48","8","1","14","41",".300",".577","0%"
"Jordan Patterson","CIN","1B,RF","320","44","14","42","5",".239",".298","77","16","3","27","102",".433",".731","0%"
"Ty France","SD","IF","182","23","6","23","1",".243",".295","44","9","1","14","41",".397",".691","0%"
"Nolan Fontana","TEX","2B","132","18","3","14","3",".214",".312","28","9","1","19","47",".306",".618","0%"
"Blake Trahan","CIN","IF","130","14","1","10","2",".224",".285","29","6","1","11","35",".291",".576","0%"
"Alex Mejia","","1B,3B,SS","197","20","2","17","2",".242",".280","48","8","1","11","37",".291",".571","0%"
"Eric Stamets","CLE","SS","132","16","4","14","2",".221",".276","29","6","1","10","37",".350",".626","0%"
"Brandon Phillips","","2B","145","19","3","15","2",".268",".299","39","7","0","6","25",".386",".686","0%"
"Gordon Beckham","DET","2B","111","13","2","11","1",".241",".302","27","6","0","10","22",".368",".670","0%"
"Kelvin Gutierrez","KC","3B","171","18","3","15","4",".236",".279","40","6","2","10","46",".352",".631","0%"
"Dilson Herrera","","2B,LF","175","20","6","20","1",".223",".280","39","9","1","14","74",".379",".659",""
"Marco Hernandez","BOS","2B,3B","112","13","2","11","1",".259",".286","29","5","1","4","29",".384",".670","0%"
"Adrian Gonzalez","NYM","1B","147","12","4","21","0",".246",".301","36","9","0","12","30",".377",".678","0%"
"Ramon Torres","KC","3B","175","18","2","12","4",".234",".267","41","10","1","8","38",".297",".565","0%"
"Nick Solak","TB","2B","137","18","3","13","4",".232",".302","32","5","1","14","46",".375",".676","0%"
"Eric Sogard","TOR","2B,SS","123","14","1","9","2",".223",".301","27","8","1","14","31",".282",".582","0%"
"Cristhian Adames","CHC","2B,3B,SS","240","27","4","25","3",".242",".295","58","10","3","18","76",".342",".637","0%"
"Danny Valencia","","3B,RF","338","43","12","44","1",".260",".319","88","15","1","29","82",".415",".733","0%"
"Yu Chang","CLE","SS","145","17","4","17","1",".216",".277","31","8","1","12","50",".353",".630","0%"
"Yadiel Rivera","MIA","2B,3B,SS","226","21","2","17","3",".181",".236","41","6","2","16","109",".247",".483","0%"
"Domingo Leyba","ARI","SS","131","15","3","12","2",".245",".302","32","6","1","11","21",".370",".672","0%"
"Cliff Pennington","","3B","145","14","1","9","2",".190",".266","28","5","1","15","69",".238",".503","0%"
"Pete Kozma","DET","3B,SS","155","14","1","10","3",".187",".229","29","10","1","8","47",".234",".463","0%"
"Shohei Ohtani","LAA","SP,DH","399","63","24","71","9",".273",".347","109","23","2","45","125",".525",".872","71%"
"Jabari Blash","","LF,RF","216","35","14","36","3",".220",".312","48","16","1","29","91",".465",".777","0%"
"Josh Naylor","SD","1B","281","34","8","34","3",".251",".315","71","12","1","26","53",".392",".706","0%"
"Gavin Lux","LAD","SS","274","36","8","29","6",".243",".306","67","11","4","25","125",".411",".717","1%"
"Zach Borenstein","ARI","LF","267","35","10","38","2",".216",".296","58","13","2","31","108",".379",".675","0%"
"Bobby Dalbec","BOS","3B","248","32","12","37","2",".206",".272","51","14","2","23","212",".462",".734","0%"
"Danny Santana","TEX","LF","199","27","6","24","8",".241",".276","48","18","4","10","55",".405",".680","0%"
"Chase Headley","","3B","239","30","5","25","3",".245",".320","59","12","1","26","83",".358",".678","0%"
"Ryan Schimpf","","2B,LF","200","28","11","32","1",".201",".291","40","13","1","26","89",".431",".722","0%"
"Gabby Guerrero","MIA","RF","265","28","7","27","2",".232",".271","62","20","4","14","74",".428",".698","0%"
"Moises Sierra","WSH","LF,RF","194","23","5","22","4",".247",".300","48","16","1","15","47",".338",".638","0%"
"Chase d'Arnaud","TEX","2B,3B","160","21","4","18","6",".244",".307","39","9","2","14","58",".402",".708","0%"
"Patrick Kivlehan","PIT","LF","162","20","6","21","2",".241",".290","39","11","2","11","64",".420",".710","0%"
"Matt Skole","CWS","1B","216","27","8","25","1",".209",".294","45","19","1","26","75",".324",".617","0%"
"Dixon Machado","MIA","2B","305","31","3","24","5",".225",".283","69","18","1","25","60",".299",".581","0%"
"Rob Refsnyder","ARI","LF","197","26","4","17","2",".241",".314","48","18","2","21","49",".341",".655","0%"
"Monte Harrison","MIA","CF","193","22","6","19","8",".205",".259","40","7","1","14","79",".335",".594","0%"
"Sam Hilliard","COL","LF,RF","175","20","4","17","7",".232",".290","41","6","1","14","65",".363",".653","0%"
"Luis Sardinas","WSH","2B","188","21","3","18","3",".255",".288","48","13","2","9","35",".301",".588","0%"
"Ryan Rua","","1B,LF,RF","164","22","6","18","4",".219",".269","36","7","1","11","69",".378",".648","0%"
"Micker Adolfo","CWS","RF","216","25","7","25","1",".206",".259","45","9","1","15","88",".344",".602","0%"
"Gavin Cecchini","NYM","2B,SS","232","25","3","20","2",".241",".292","56","11","1","17","73",".287",".579","0%"
"Edward Olivares","SD","RF","200","22","4","20","5",".227",".260","45","8","3","9","48",".361",".621","0%"
"Trevor Plouffe","PHI","3B","167","21","7","21","1",".216",".296","36","8","1","19","95",".366",".662","0%"
"Will Middlebrooks","","3B","163","18","8","22","1",".212",".254","35","7","1","9","91",".388",".642","0%"
"Nick Franklin","PIT","2B","129","15","4","17","4",".245",".314","32","9","1","13","34",".384",".697","0%"
"C.J. Hinojosa","SF","SS","226","23","2","18","4",".233",".285","53","10","1","17","68",".294",".579","0%"
"Matt Beaty","LAD","1B","147","17","3","17","1",".261",".305","38","8","0","9","26",".379",".684","0%"
"Rafael Bautista","WSH","RF","187","19","1","12","10",".236",".277","44","9","3","11","41",".272",".549","0%"
"Luis Arraez","MIN","IF","169","18","2","14","1",".270",".310","46","7","1","10","22",".374",".684","0%"
"Daniel Castro","COL","2B,SS","209","21","2","18","1",".246",".278","52","16","1","9","27",".306",".583","0%"
"Deven Marrero","MIA","3B","202","26","3","19","5",".200",".256","41","11","1","15","65",".282",".537","0%"
"Jesmuel Valentin","","3B","190","23","4","18","2",".221",".294","42","13","3","20","50",".338",".631","0%"
"Efren Navarro","","1B","204","23","3","19","0",".235",".302","48","15","1","20","49",".309",".611","0%"
"Miguel Gomez","","2B","173","17","3","18","0",".255",".270","44","13","3","4","39",".350",".620","0%"
"Tomas Telis","","C","153","17","2","16","1",".259",".299","40","8","2","9","26",".364",".663","0%"
"Lane Adams","PHI","RF","132","16","4","14","8",".202",".263","27","7","1","11","72",".319",".582","0%"
"Jesus Sanchez","TB","RF","154","17","4","17","2",".235",".269","36","8","1","7","52",".348",".616","0%"
"Ryan Goins","CWS","2B,3B,SS","220","22","4","21","2",".216",".270","48","13","1","16","59",".325",".594","0%"
"Harold Castro","DET","2B,CF","221","20","2","14","5",".240",".258","53","8","1","6","80",".275",".533","0%"
"Francisco Arcia","CHC","C","173","17","4","20","2",".225",".262","39","6","1","9","58",".326",".588","0%"
"Matt den Dekker","NYM","RF","173","19","5","19","4",".203",".257","35","13","3","13","58",".455",".711","0%"
"Phillip Evans","NYM","3B","144","16","4","16","1",".245",".295","35","10","1","10","43",".371",".666","0%"
"Luis Barrera","OAK","OF","173","18","2","14","6",".233",".274","40","7","3","10","38",".344",".618","0%"
"Nick Dini","KC","C","167","18","3","15","3",".231",".261","39","8","0","7","36",".347",".608","0%"
"Ty Kelly","LAA","2B","193","22","3","20","1",".215",".287","42","15","3","20","50",".335",".622","0%"
"Kody Eaves","DET","2B,3B","200","21","5","19","3",".198",".259","40","9","2","17","121",".322",".581","0%"
"Eric Young Jr.","BAL","LF,CF","137","16","2","12","6",".223",".277","31","5","1","10","40",".332",".610","0%"
"Thairo Estrada","NYY","SS","159","17","2","12","2",".248",".282","40","6","1","8","27",".343",".625","0%"
"Skye Bolt","OAK","OF","163","18","4","16","4",".201",".266","33","8","1","14","57",".340",".606","0%"
"LaMonte Wade","MIN","LF","121","16","3","12","2",".246",".328","30","4","1","15","26",".374",".702","0%"
"Jason Vosler","CHC","3B,SS","160","19","5","17","0",".208",".272","33","7","1","14","54",".365",".637","0%"
"Juan Centeno","BOS","C","147","14","2","15","0",".248",".287","37","12","1","8","27",".349",".636","0%"
"Sherman Johnson","","1B,3B","195","22","3","17","4",".192",".274","38","8","1","22","112",".259",".533","0%"
"Emilio Bonifacio","TB","2B,3B,LF","175","16","1","12","8",".214",".261","38","5","2","11","68",".282",".543","0%"
"Bruce Maxwell","OAK","C","190","17","3","20","0",".218",".286","42","15","0","18","57",".316",".602","0%"
"Carlos Perez","BAL","C","136","13","4","15","1",".220",".269","30","7","0","9","36",".354",".623","0%"
"Dustin Garneau","","C","142","15","4","16","0",".204",".261","29","11","0","11","37",".338",".599","0%"
"Kristopher Negron","SEA","SS,LF","103","13","3","10","2",".220",".279","23","4","1","8","38",".346",".625","0%"
"Shane Robinson","PHI","RF","112","13","0","8","4",".220",".259","25","5","1","6","24",".241",".500","0%"
"Raffy Lopez","ATL","C","92","11","3","12","0",".215",".284","20","4","0","9","34",".361",".645","0%"
"Arquimedes Gamboa","PHI","SS","167","17","3","13","2",".192",".260","32","5","1","15","50",".298",".558","0%"
"Javy Guerra","SD","SS","134","13","3","14","1",".190",".237","25","7","3","8","53",".302",".538","0%"
"Ichiro Suzuki","SEA","LF","95","11","1","9","0",".228",".290","22","3","0","8","20",".301",".591","0%"
"Matt Winn","SF","C","177","17","4","15","0",".170",".233","30","8","1","15","163",".291",".523","0%"
"Jarrod Saltalamacchia","","C,1B","122","12","4","12","1",".152",".240","19","4","1","14","91",".277",".517","0%"
"Gift Ngoepe","PHI","2B,SS","100","11","2","9","1",".167",".252","17","5","1","11","49",".253",".505","0%"
""
""