"Player","Team","Positions","IP","K","SV","BS","HD","ERA","WHIP","ER","H","BB","HR","G","W","L","Own"
"Edwin Diaz","NYM","RP","67.0","103","37","3","0","2.40","0.97","18","44","21","6","68","3","3","99%"
"Kenley Jansen","LAD","RP","65.5","81","38","5","0","2.97","1.01","22","51","15","9","65","3","3","98%"
"Blake Treinen","OAK","RP","72.8","83","33","7","0","2.64","1.12","21","58","24","5","69","4","3","99%"
"Brad Hand","CLE","RP","69.6","93","37","9","0","3.08","1.13","24","54","25","8","69","4","3","98%"
"Aroldis Chapman","NYY","RP","58.4","93","35","4","0","2.61","1.09","17","37","27","5","60","3","2","98%"
"Craig Kimbrel","","RP","62.1","94","29","4","0","2.74","1.05","19","39","27","6","64","3","2","94%"
"Felipe Vazquez","PIT","RP","67.6","84","34","4","0","2.80","1.16","21","55","23","5","68","3","3","98%"
"Roberto Osuna","HOU","RP","61.1","66","36","7","0","3.12","1.04","21","52","12","7","63","3","3","98%"
"Collin McHugh","HOU","RP,SP","143.1","149","0","0","0","3.86","1.25","61","135","44","19","29","10","7","52%"
"Raisel Iglesias","CIN","RP","69.3","79","31","3","0","3.38","1.19","26","58","24","9","64","3","3","85%"
"Tyler Glasnow","TB","SP,RP","135.6","160","0","0","0","3.95","1.32","60","115","64","17","26","8","8","59%"
"Wade Davis","COL","RP","62.1","75","34","4","0","3.67","1.22","25","50","26","7","63","3","3","89%"
"Ken Giles","TOR","RP","62.1","73","30","2","0","3.69","1.20","25","57","18","7","64","3","3","83%"
"Wade LeBlanc","SEA","SP,RP","142.6","113","0","0","0","4.36","1.28","69","143","39","23","25","8","9","5%"
"Robbie Erlin","SD","SP,RP","118.8","96","0","0","0","4.15","1.26","55","125","24","17","25","7","8","1%"
"Ryan Yarbrough","TB","SP,RP","132.9","113","0","0","0","4.21","1.32","62","131","44","18","32","8","8","11%"
"Brad Keller","KC","SP,RP","157.7","113","0","0","0","4.06","1.39","71","162","57","15","31","9","9","9%"
"Yonny Chirinos","TB","SP,RP","108.6","90","0","0","0","4.08","1.29","49","111","29","16","29","6","6","2%"
"Brandon Woodruff","MIL","SP,RP","115.2","108","0","0","0","4.28","1.35","55","112","44","17","25","7","7","5%"
"Antonio Senzatela","COL","SP,RP","148.3","118","0","0","0","4.51","1.40","74","155","52","21","29","9","9","1%"
"Corbin Burnes","MIL","RP","95.7","88","0","0","0","4.38","1.37","47","96","35","13","25","6","6","6%"
"Justus Sheffield","SEA","SP,RP","95.6","84","0","0","0","4.42","1.43","47","94","43","13","20","5","6","6%"
"James Hoyt","CLE","RP","36.9","44","0","0","0","3.54","1.29","15","33","15","5","41","3","1","0%"
"Ryan Weber","BOS","SP,RP","62.7","35","0","0","0","4.24","1.34","30","72","13","7","18","5","4","0%"
"Ryan Merritt","TB","SP,RP","58.7","40","0","0","0","4.24","1.32","28","66","11","10","15","4","4","0%"
"Jalen Beeks","TB","RP","77.4","73","0","0","0","4.53","1.40","39","76","32","14","19","5","5","0%"
"Dennis Santana","LAD","SP,RP","49.7","52","0","0","0","4.19","1.38","23","47","22","6","11","3","3","0%"
"Jose De Leon","TB","SP,RP","41.6","42","0","0","0","4.46","1.33","21","40","16","8","10","3","3","0%"
"Daniel Ponce de Leon","STL","SP,RP","44.4","40","0","0","0","4.12","1.40","20","41","21","5","10","3","3","1%"
"Fernando Salas","","RP","48.9","42","0","0","0","4.36","1.34","24","50","16","8","52","3","3","0%"
"Adam Liberatore","","RP","33.4","31","0","0","0","3.91","1.38","15","31","15","4","40","3","3","0%"
"Danny Farquhar","NYY","RP","44.9","43","0","0","0","4.52","1.35","23","43","18","8","44","3","2","0%"
"George Kontos","CHC","RP","36.6","28","0","0","0","4.27","1.26","17","36","10","6","37","2","2","0%"
"Martin Perez","MIN","SP,RP","115.0","76","0","0","0","4.70","1.49","60","131","41","13","24","7","7","1%"
"Josh Tomlin","MIL","SP,RP","46.7","34","0","0","0","5.06","1.28","26","53","6","13","21","3","3","0%"
"Kyle McGrath","SD","RP","39.0","34","0","0","0","4.38","1.33","19","38","14","6","35","2","3","0%"
"Justin Shafer","TOR","RP","46.5","33","0","0","0","4.16","1.51","22","46","25","5","38","4","3","0%"
"Luiz Gohara","ATL","RP, SP","30.9","30","0","0","0","4.22","1.34","14","30","12","5","7","2","2","1%"
"Dan Coulombe","NYY","RP","31.0","30","0","0","0","4.14","1.37","14","30","13","4","32","2","1","0%"
"Alec Mills","CHC","SP,RP","33.6","28","0","0","0","4.48","1.34","17","33","12","6","12","2","2","0%"
"Alex Meyer","LAA","SP,RP","43.5","44","0","0","0","4.55","1.48","22","41","24","5","11","3","3","0%"
"Hoby Milner","TB","RP","34.4","31","0","0","0","3.93","1.35","15","33","14","5","39","1","1","0%"
"Kevin Shackelford","","RP","34.7","36","0","0","0","4.03","1.46","16","33","18","4","28","2","2","0%"
"Brian Johnson","BOS","SP,RP","59.9","49","1","0","0","4.65","1.43","31","62","23","11","14","3","3","0%"
"Kazuhisa Makita","SD","RP","39.9","33","0","0","0","4.44","1.36","20","40","14","5","33","2","2","0%"
"Cody Reed","CIN","RP","54.4","52","0","0","0","4.69","1.48","28","55","25","10","17","3","3","0%"
"Luke Bard","LAA","RP","41.4","40","0","0","0","4.46","1.40","21","41","18","6","28","2","3","0%"
"Ryan Meisinger","STL","RP","32.1","31","0","0","0","4.49","1.35","16","30","14","4","27","2","2","0%"
"Ian Krol","CIN","RP","41.2","40","0","0","0","4.26","1.46","20","39","21","5","34","2","2","0%"
"Preston Guilmet","MIN","RP","31.7","30","0","0","0","4.41","1.28","16","32","9","6","25","1","1","0%"
"A.J. Schugel","PIT","RP","33.5","28","0","0","0","4.30","1.40","16","35","13","5","28","2","2","0%"
"Chase Whitley","ATL","RP","38.0","29","0","0","0","4.62","1.34","20","39","12","6","25","2","2","0%"
"Tyler Bashlor","NYM","RP","31.2","30","0","0","0","4.33","1.33","15","27","15","4","30","1","2","0%"
"Casey Lawrence","","RP","70.9","47","0","0","0","4.89","1.40","39","82","18","11","17","4","5","0%"
"Max Povse","SEA","SP,RP","56.2","45","0","0","0","4.81","1.50","30","61","24","8","11","4","4","0%"
"Jeremy Bleich","PHI","SP,RP","32.9","27","0","0","0","4.52","1.37","17","35","10","5","27","2","2","0%"
"Alan Busenitz","","RP","46.4","39","0","0","0","4.76","1.43","25","51","16","7","34","3","3","0%"
"Josh Ravin","","RP","24.7","31","0","0","0","4.56","1.44","13","20","16","4","21","2","2","0%"
"Josh Lucas","BAL","RP","36.9","30","0","0","0","4.40","1.42","18","38","15","5","28","2","2","0%"
"Edward Paredes","PHI","RP","26.9","31","0","0","0","4.36","1.49","13","25","16","4","33","2","2","0%"
"Justin Haley","","RP","62.0","44","0","0","0","4.86","1.47","34","70","21","8","17","4","4","0%"
"Cory Mazzoni","","RP","30.5","39","0","0","0","4.87","1.43","17","33","11","5","25","2","2","0%"
"Aaron Brooks","OAK","SP,RP","35.6","26","0","0","0","4.61","1.42","18","39","11","5","13","2","2","0%"
"Mike Morin","MIN","RP","33.9","27","0","0","0","4.69","1.37","18","37","9","4","28","2","2","0%"
"Jose Ramirez","","RP","47.7","46","0","0","0","4.72","1.50","25","44","28","7","50","3","3","0%"
"Joshua Smoker","DET","RP","38.4","39","0","0","0","4.69","1.45","20","39","17","7","37","2","2","0%"
"Justin Grimm","CLE","RP","32.0","34","0","0","0","4.78","1.45","17","30","17","5","35","2","2","0%"
"Greg Infante","BAL","RP","36.2","30","0","0","0","4.61","1.44","19","37","16","5","36","2","2","0%"
"Chris O'Grady","","RP","36.9","32","0","0","0","4.72","1.43","19","38","15","8","17","2","3","0%"
"Anthony Bass","CIN","RP","46.4","39","0","0","0","4.66","1.45","24","50","18","6","25","2","3","0%"
"Nestor Cortes Jr.","NYY","SP,RP","58.2","48","0","0","0","4.95","1.53","32","64","25","10","22","4","3","0%"
"Andrew Moore","TB","SP,RP","47.2","32","0","0","0","5.29","1.39","28","52","13","15","11","3","4","0%"
"Boone Logan","","RP","20.0","25","0","0","0","4.28","1.50","10","18","13","3","32","1","1","0%"
"Domingo Acevedo","NYY","SP,RP","33.8","26","0","0","0","4.97","1.44","19","37","12","8","8","2","2","0%"
"Rob Scahill","","RP","43.0","36","0","0","0","4.71","1.47","23","44","20","5","40","2","3","0%"
"Dylan Covey","CWS","SP,RP","90.7","66","0","0","0","4.89","1.48","49","95","40","13","22","5","7","0%"
"Chris Flexen","NYM","SP,RP","30.6","23","0","0","0","4.86","1.50","17","33","13","5","7","2","2","0%"
"Mike Hauschild","TOR","RP","48.0","36","0","0","0","4.88","1.53","26","51","23","6","10","3","3","0%"
"Zack Weiss","MIN","RP","26.2","26","0","0","0","4.82","1.53","14","26","14","5","24","2","3","0%"
"Zach Lee","SD","RP","73.5","45","0","0","0","5.02","1.46","41","84","24","11","14","4","6","0%"
"Carlos Ramirez","CHC","RP","33.2","31","0","0","0","4.62","1.55","17","30","22","4","25","2","2","0%"
"Thomas Pannone","TOR","SP,RP","52.6","42","0","0","0","5.30","1.44","31","57","19","11","16","3","4","0%"
"Odrisamer Despaigne","","SP,RP","56.7","41","0","0","0","4.82","1.52","30","63","23","8","27","3","3","0%"
"Deck McGuire","","SP,RP","56.4","46","0","0","0","5.16","1.48","32","57","26","12","24","3","4","0%"
"Jhan Marinez","BAL","RP","45.0","36","0","0","0","4.60","1.53","23","49","20","6","38","2","2","0%"
"Zach Neal","","RP","62.4","33","0","0","0","5.34","1.33","37","74","10","12","20","3","4","0%"
"Eric Stout","SD","RP","42.2","29","0","0","0","4.70","1.49","22","46","17","5","35","2","3","0%"
"Justin Hancock","CHC","SP,RP","31.0","28","0","0","0","4.79","1.55","17","30","18","4","27","2","2","0%"
"Jerry Vasto","CHC","RP","35.5","38","0","0","0","4.94","1.55","20","34","21","5","39","2","3","0%"
"Drew Hutchison","NYY","SP,RP","54.2","43","0","0","0","5.09","1.52","31","59","23","9","17","3","3","0%"
"Matt Koch","ARI","SP,RP","43.9","25","0","0","0","5.32","1.42","26","51","12","9","11","2","3","0%"
"Rob Zastryzny","CHC","RP","49.4","40","0","0","0","5.02","1.55","28","52","25","7","23","3","3","0%"
"Mark Leiter Jr.","TOR","RP","32.9","30","0","0","0","5.06","1.48","19","36","13","6","25","1","2","0%"
"Luis Santos","TB","RP","41.8","38","0","0","0","5.39","1.49","25","45","17","11","22","2","3","0%"
"Zac Curtis","TEX","RP","41.9","42","0","0","0","4.95","1.62","23","40","28","6","39","2","3","0%"
"Buddy Baumann","","RP","26.9","27","0","0","0","5.20","1.55","16","26","16","4","26","1","2","0%"
"Jeff Hoffman","COL","SP,RP","43.9","36","0","0","0","5.35","1.54","26","48","20","7","10","2","3","0%"
"Eduardo Paredes","DET","RP","41.7","32","0","0","0","4.97","1.50","23","44","19","6","35","1","1","0%"
"D.J. Snelten","SF","RP","35.5","27","0","0","0","4.94","1.63","20","38","20","4","29","2","2","0%"
"Lucas Sims","CIN","RP","32.4","32","0","0","0","5.41","1.53","19","33","16","8","10","1","2","0%"
"Phil Hughes","","RP","52.9","40","0","0","0","5.70","1.45","34","65","12","13","15","3","4","0%"
"Akeel Morris","","RP","41.4","37","0","0","0","5.11","1.62","24","41","27","5","33","2","2","0%"
"Tyler Danish","SEA","RP","63.0","36","0","0","0","4.93","1.55","35","71","27","7","21","3","4","0%"
"David Hale","NYY","SP,RP","37.3","24","0","0","0","5.38","1.50","22","44","12","8","12","1","2","0%"
"Ronald Herrera","TEX","RP","54.7","30","0","0","0","5.11","1.54","31","64","21","8","15","3","4","0%"
"Alex McRae","PIT","SP,RP","55.1","36","0","0","0","5.23","1.58","32","64","23","7","13","3","4","0%"
"Michael Ynoa","KC","RP","22.2","18","0","0","0","5.27","1.67","13","22","15","3","27","1","1","0%"
"Marc Rzepczynski","ARI","RP","25.0","23","0","0","0","4.86","1.76","14","26","19","3","47","1","1","0%"
"Alec Asher","COL","SP,RP","41.2","24","0","0","0","5.63","1.51","26","48","14","9","11","2","3","0%"
"Tyler Cloyd","TB","RP","55.4","36","0","0","0","5.77","1.48","36","66","16","12","14","3","4","0%"
"Scott Copeland","WSH","SP,RP","65.2","44","0","0","0","5.32","1.59","39","74","30","10","19","4","5","0%"
"Jose Valdez","","RP","35.4","34","0","0","0","5.47","1.67","22","35","24","5","29","2","3","0%"
"Chris Volstad","","RP","57.8","29","0","0","0","5.45","1.48","35","70","15","8","16","3","4","0%"
"Jacob Turner","","RP","59.5","35","0","0","0","5.60","1.64","37","72","26","15","30","3","4","0%"
"Brandon Mann","","SP,RP","39.7","31","0","0","0","5.45","1.63","24","42","23","6","29","2","3","0%"
"Sam Howard","COL","SP,RP","64.4","48","0","0","0","5.73","1.58","41","74","28","12","23","4","4","0%"
"Brett Graves","MIA","SP,RP","49.4","32","0","0","0","5.64","1.56","31","57","21","8","20","2","3","0%"
"Dean Kiekhefer","OAK","RP","27.3","17","0","0","0","5.77","1.76","18","40","8","4","38","2","3","0%"
"Braden Shipley","ARI","RP","50.4","33","0","0","0","5.89","1.61","33","59","23","13","20","3","3","0%"
"Rex Brothers","NYY","RP","31.2","37","0","0","0","6.07","2.02","21","28","36","4","36","3","3","0%"
"Andres Machado","","RP","51.0","35","0","0","0","5.91","1.66","34","60","25","8","21","3","4","0%"
"Osmer Morales","","RP","60.5","47","0","0","0","6.02","1.64","41","68","31","13","42","3","4","0%"
"Austin Bibens-Dirkx","","SP,RP","78.7","56","0","0","0","6.29","1.58","55","96","29","17","23","4","5","0%"
"William Cuevas","BOS","SP,RP","46.6","37","0","0","0","6.43","1.82","33","65","20","12","24","3","4","0%"
"Rafael Montero","TEX","SP,RP","64.7","53","0","0","0","6.26","1.76","45","77","38","11","24","3","5","0%"
"Daniel Corcino","LAD","SP,RP","58.0","52","0","0","0","4.50","1.44","29","57","27","8","20","3","3",""
"Jen-Ho Tseng","CHC","SP,RP","50.8","37","0","0","0","5.29","1.48","30","58","18","14","10","3","4",""
"Brandon Cumpton","TOR","SP,RP","33.2","20","0","0","0","6.24","1.66","23","42","13","6","10","2","3",""
"Burch Smith","MIL","SP,RP","35.5","35","0","0","0","5.58","1.58","22","37","19","7","20","2","2",""
"Williams Perez","STL","SP,RP","68.7","48","0","0","0","4.33","1.38","33","72","23","7","27","4","4",""
"Adrian Sampson","TEX","SP,RP","46.8","28","0","0","0","5.96","1.58","31","64","10","10","15","2","3",""
"Zach Eflin","PHI","SP,RP","140.7","125","0","0","0","4.43","1.31","69","145","40","22","27","9","9",""
"Taylor Hearn","TEX","SP,RP","44.9","41","0","0","0","5.26","1.56","26","47","23","10","10","2","3",""
"Ryan Borucki","TOR","SP,RP","121.3","90","0","0","0","4.25","1.37","57","122","44","16","22","7","7",""
"P.J. Conlon","NYM","SP,RP","37.1","25","0","0","0","5.03","1.48","21","42","13","8","8","1","3",""
"Ranger Suarez","PHI","SP,RP","42.2","30","0","0","0","4.57","1.45","21","45","16","9","11","2","2",""
"Pablo Lopez","MIA","SP,RP","62.6","49","0","0","0","3.99","1.27","28","62","17","8","11","3","4",""
"Darwinzon Hernandez","BOS","SP,RP","51.7","48","0","0","0","5.30","1.74","30","50","40","10","14","3","3",""
"Ryan Carpenter","DET","SP,RP","38.4","30","0","0","0","5.63","1.48","24","45","12","10","16","2","3",""
"David Hess","BAL","SP,RP","108.0","77","0","0","0","5.60","1.50","67","120","42","23","23","4","9",""
"Tony Barnette","CHC","RP","45.9","45","0","0","1","2.81","1.04","14","33","15","4","33","3","1","0%"
"Matt Andriese","ARI","SP,RP","86.8","79","0","0","1","4.54","1.34","44","90","26","14","30","4","5","0%"
"Adam Warren","SD","RP","57.9","55","1","0","1","3.85","1.30","25","54","22","8","46","3","3","0%"
"John Gant","STL","SP,RP","74.9","64","0","0","1","4.19","1.40","35","71","33","10","34","4","4","1%"
"Domingo German","NYY","SP,RP","58.6","65","0","0","1","4.40","1.31","29","55","22","9","18","3","3","2%"
"Giovanny Gallegos","STL","RP","28.9","33","1","0","1","3.39","1.16","11","25","9","3","23","2","1","0%"
"Austin Davis","PHI","RP","33.5","36","1","0","1","3.69","1.30","14","31","12","4","31","2","1","0%"
"Nick Vincent","SF","RP","32.9","31","0","0","1","3.85","1.21","14","31","8","6","44","2","2","0%"
"Brendan McCurry","HOU","RP","29.8","29","0","0","1","3.90","1.28","13","29","9","5","24","3","2","0%"
"Tony Sipp","","RP","33.4","34","0","0","1","3.92","1.28","15","30","13","5","38","2","2","0%"
"Cole Sulser","TB","RP","27.4","32","0","0","1","3.69","1.26","11","24","11","4","25","2","2","0%"
"Oliver Drake","TB","RP","36.3","39","0","0","1","3.98","1.33","16","34","15","4","34","2","2","0%"
"Ben Taylor","CLE","RP","32.8","33","0","0","1","4.04","1.28","15","31","11","5","31","2","2","0%"
"Derek Law","SF","RP","30.3","27","1","0","1","3.95","1.34","13","30","11","3","26","2","2","0%"
"A.J. Ramos","","RP","36.4","40","1","0","1","4.18","1.41","17","31","20","5","40","2","2","0%"
"Blake Wood","","RP","36.8","36","0","0","1","4.05","1.43","17","36","17","4","38","2","2","0%"
"Vidal Nuno","WSH","RP","31.5","27","0","0","1","4.23","1.31","15","32","9","7","20","2","2","0%"
"Aaron Wilkerson","MIL","SP,RP","42.8","39","0","0","1","4.58","1.35","22","42","16","6","21","2","2","0%"
"Joey Krehbiel","ARI","RP","33.6","38","0","0","1","4.29","1.43","16","30","18","4","29","2","2","0%"
"Jacob Rhame","NYM","RP","27.5","29","0","0","1","4.24","1.27","13","25","10","5","26","1","1","0%"
"Tyler Lyons","PIT","RP","23.2","24","1","0","1","4.12","1.30","11","22","8","4","22","1","1","0%"
"Chih-Wei Hu","CLE","RP","40.4","32","0","0","1","4.75","1.33","21","42","12","7","21","2","2","0%"
"Tyler Webb","STL","RP","26.9","27","0","0","1","3.97","1.32","12","25","10","4","26","1","1","0%"
"Nick Gardewine","TEX","RP","34.5","33","0","0","1","4.28","1.44","16","35","15","4","28","2","2","0%"
"Matt Belisle","","RP","35.8","28","0","0","1","4.44","1.37","18","38","11","5","34","2","2","0%"
"John Curtiss","LAA","RP","27.0","28","0","0","1","4.15","1.41","12","24","14","4","26","2","1","0%"
"Austin Adams","LAA","RP","24.2","32","0","0","1","3.70","1.45","10","19","16","2","26","1","1","0%"
"Donnie Hart","LAD","RP","26.7","22","0","0","1","4.08","1.42","12","29","9","3","29","2","1","0%"
"Ben Lively","KC","SP,RP","40.9","29","0","0","1","4.60","1.39","21","43","14","6","16","2","3","0%"
"Bryan Mitchell","SD","SP,RP","86.0","59","0","0","1","4.66","1.50","45","92","37","9","26","4","5","0%"
"Keynan Middleton","LAA","RP","22.5","23","0","0","1","4.00","1.37","10","21","9","4","23","1","1","0%"
"Pat Venditte","SF","RP","27.1","25","0","0","1","4.03","1.37","12","25","13","3","25","1","1","0%"
"Steven Okert","SF","RP","21.5","23","0","0","1","4.38","1.29","10","20","7","3","27","1","1","0%"
"Tanner Anderson","OAK","RP","33.7","21","0","0","1","4.17","1.43","16","36","12","3","20","2","2","0%"
"Jake Petricka","MIL","RP","31.8","26","0","0","1","4.12","1.40","15","33","11","3","30","1","2","0%"
"Dean Deetz","HOU","RP","32.4","36","0","0","1","4.45","1.51","16","30","19","4","25","2","2","0%"
"Colten Brewer","BOS","SP,RP","29.1","29","0","0","1","4.42","1.50","14","31","13","3","26","2","1","0%"
"Kyle Ryan","CHC","SP,RP","28.9","24","0","0","1","4.27","1.45","14","29","13","4","26","1","1","0%"
"Austin Brice","MIA","RP","33.3","29","0","0","1","4.90","1.39","18","35","12","4","28","2","2","0%"
"Pierce Johnson","SF","RP","37.0","37","0","0","1","4.64","1.48","19","35","20","5","33","2","2","0%"
"Adrian Houser","MIL","RP","42.2","34","0","0","1","4.70","1.45","22","45","16","7","24","2","2","0%"
"Joe Palumbo","TEX","SP,RP","30.3","25","0","0","1","4.76","1.48","16","32","13","6","13","2","2","0%"
"Adam McCreery","LAD","SP,RP","33.4","36","0","0","1","4.23","1.61","16","30","24","3","29","2","2","0%"
"Jake Barrett","PIT","RP","28.9","29","1","0","1","4.48","1.47","14","28","15","4","32","1","2","0%"
"Corey Oswalt","NYM","SP,RP","44.3","34","0","0","1","5.09","1.41","25","47","16","9","11","2","3","0%"
"Sam Wolff","SF","RP","22.4","24","0","0","1","4.33","1.49","11","20","13","4","20","1","2","0%"
"Scott Barlow","KC","SP,RP","43.7","42","0","0","1","4.88","1.51","24","44","22","6","19","2","3","0%"
"Drew Anderson","PHI","SP,RP","35.3","30","0","0","1","5.19","1.44","20","38","13","7","13","2","2","0%"
"Jake Thompson","","SP,RP","56.6","45","0","0","1","4.96","1.50","31","58","27","12","21","3","4","0%"
"Clay Holmes","PIT","SP,RP","41.2","36","0","0","1","4.58","1.59","21","42","24","5","21","2","2","0%"
"Zack Burdi","CWS","RP","19.5","23","0","0","1","4.52","1.50","10","17","12","3","19","1","2","0%"
"Dillon Maples","CHC","RP","23.6","35","0","0","1","4.14","1.67","11","17","23","2","28","1","1","0%"
"Kyle Zimmer","KC","SP,RP","20.6","20","0","0","1","4.86","1.48","11","20","10","3","19","1","1","0%"
"Miguel Diaz","SD","RP","32.1","35","0","0","1","4.64","1.50","17","29","19","4","22","2","2","0%"
"Nick Burdi","PIT","RP","24.1","25","0","0","1","4.76","1.47","13","24","11","3","26","1","1","0%"
"Jeanmar Gomez","","RP","23.6","18","0","0","1","4.50","1.45","12","26","9","3","22","1","1","0%"
"Drew Storen","KC","RP","27.2","21","0","0","1","4.77","1.41","14","29","9","3","28","1","2","0%"
"Jackson Stephens","CIN","RP","39.5","32","0","0","1","4.94","1.47","22","42","15","7","20","2","2","0%"
"Jorge Lopez","KC","RP","96.4","76","0","0","1","5.01","1.51","54","105","41","12","32","5","7","0%"
"Yacksel Rios","PHI","RP","31.1","31","0","0","1","4.80","1.45","17","30","16","5","28","1","2","0%"
"Yefry Ramirez","BAL","SP,RP","58.8","53","0","0","1","5.14","1.45","34","59","27","13","25","2","5","0%"
"Junichi Tazawa","CHC","RP","35.4","31","0","0","1","5.16","1.46","20","38","14","7","36","2","2","0%"
"Gabriel Ynoa","BAL","SP,RP","49.2","30","0","0","1","5.16","1.43","28","57","13","9","22","2","3","0%"
"Javy Guerra","TOR","RP","38.8","32","0","0","1","4.86","1.52","21","40","19","6","34","2","2","0%"
"Tanner Rainey","WSH","SP,RP","28.4","33","0","0","1","5.03","1.63","16","24","22","4","30","2","2","0%"
"Brock Stewart","LAD","SP,RP","31.1","26","0","0","1","5.08","1.50","18","36","11","6","16","2","2","0%"
"Jimmy Yacabonis","BAL","RP","57.0","43","0","0","1","4.99","1.49","32","57","28","9","24","2","4","0%"
"Brandon Maurer","PIT","RP","34.3","32","0","0","1","5.20","1.56","20","36","18","5","38","2","2","0%"
"Jake Jewell","LAA","SP,RP","25.0","19","0","0","1","4.87","1.54","14","27","12","4","27","1","1","0%"
"Keury Mella","CIN","RP","41.1","32","0","0","1","5.21","1.54","24","45","19","7","13","2","3","0%"
"Kyle McGowin","WSH","SP,RP","40.0","34","0","0","1","5.70","1.53","25","45","16","10","18","2","3","0%"
"Jimmy Cordero","WSH","RP","26.5","22","0","0","1","4.87","1.61","14","27","16","4","28","1","2","0%"
"Ryan Burr","CWS","RP","31.5","28","0","0","1","5.02","1.57","18","31","18","4","25","1","2","0%"
"Jesus Reyes","CIN","SP,RP","48.5","34","0","0","1","5.07","1.60","27","52","26","9","29","3","3","0%"
"Luke Farrell","TEX","RP","35.1","34","0","0","1","5.40","1.60","21","38","18","7","21","2","2","0%"
"Pedro Araujo","BAL","RP","30.5","31","0","0","1","5.73","1.55","19","30","17","6","25","1","2","0%"
"Chris Lee","BAL","SP,RP","27.8","17","0","0","1","5.05","1.63","16","31","14","4","15","1","2","0%"
"Sean Gilmartin","BAL","RP","30.4","21","0","0","1","5.48","1.52","19","35","11","6","17","1","2","0%"
"Taylor Guerrieri","TEX","RP","37.5","23","0","0","1","5.71","1.56","24","43","15","9","20","2","2","0%"
"Eddie Butler","","SP,RP","51.4","30","0","0","1","5.46","1.58","31","61","20","11","21","2","4","0%"
"Jefry Rodriguez","CLE","SP,RP","38.8","32","0","0","1","5.63","1.72","24","45","22","7","21","2","2","0%"
"Vicente Campos","PIT","SP,RP","37.2","25","0","0","1","5.63","1.67","23","43","19","12","13","2","3","0%"
"Brett Anderson","OAK","SP,RP","77.7","51","0","0","1","4.44","1.40","38","89","20","8","18","5","5",""
"Edwin Jackson","","SP,RP","92.7","70","0","0","1","4.77","1.43","49","92","41","16","19","5","6",""
"Rhiner Cruz","TOR","RP","31.6","32","0","0","1","4.46","1.49","16","30","17","5","28","2","2",""
"Sam Gaviglio","TOR","SP,RP","75.5","59","0","0","1","4.72","1.35","40","81","21","13","35","3","5",""
"Dario Agrazal","PIT","SP,RP","54.5","30","0","0","1","4.51","1.36","27","63","11","12","15","3","4",""
"Sean Doolittle","WSH","RP","56.7","72","30","2","2","2.75","0.95","17","42","12","7","57","3","2","85%"
"Kirby Yates","SD","RP","62.0","87","30","6","2","3.14","1.11","22","48","21","8","65","3","3","88%"
"Ross Stripling","LAD","SP,RP","114.3","117","0","0","2","3.49","1.18","44","108","27","14","36","8","6","62%"
"Jose Leclerc","TEX","RP","63.0","88","29","10","2","3.15","1.23","22","42","36","6","64","3","3","84%"
"Cody Allen","LAA","RP","64.6","78","30","6","2","3.93","1.26","28","55","27","9","66","3","4","81%"
"Mychal Givens","BAL","RP","68.1","75","24","7","2","3.67","1.23","28","57","27","7","66","3","3","49%"
"Shane Greene","DET","RP","65.0","67","27","6","2","4.26","1.34","31","64","23","8","64","3","4","49%"
"Colin Poche","TB","RP","39.4","54","0","0","2","3.28","1.21","14","30","18","6","34","2","2","0%"
"Liam Hendriks","OAK","RP","35.5","40","0","0","2","3.57","1.23","14","32","12","4","39","2","1","0%"
"Jim Johnson","","RP","47.9","40","1","0","2","3.85","1.31","20","45","17","5","41","3","2","0%"
"Austin Pruitt","TB","RP","57.0","45","1","0","2","4.29","1.32","27","62","14","8","36","3","3","0%"
"Brad Wieck","SD","SP,RP","32.2","40","0","0","2","3.52","1.27","13","26","14","4","29","2","2","0%"
"Andrew Kittredge","TB","SP,RP","44.8","40","0","0","2","4.09","1.35","20","45","15","5","34","3","3","0%"
"Yoan Lopez","ARI","RP","37.0","43","0","0","2","3.92","1.31","16","32","16","4","37","2","2","0%"
"Jon Edwards","CLE","RP","37.1","44","0","0","2","4.24","1.31","17","31","18","4","36","2","2","0%"
"Ty Blach","SF","SP,RP","62.7","37","0","0","2","4.29","1.39","30","68","19","8","30","3","4","0%"
"Zac Rosscup","SEA","RP","27.3","37","0","0","2","3.86","1.23","12","23","11","4","30","1","1","0%"
"Luis Cessa","NYY","SP,RP","55.9","47","0","0","2","4.65","1.36","29","58","18","9","23","3","3","0%"
"Ian Gibaut","TB","RP","33.3","36","0","0","2","3.85","1.35","14","29","16","4","31","2","2","0%"
"Roenis Elias","SEA","RP","57.8","46","0","0","2","4.34","1.44","28","60","23","8","42","3","4","0%"
"Jimmy Herget","CIN","RP","43.2","45","0","0","2","4.25","1.38","20","41","19","8","39","2","2","0%"
"Wander Suero","WSH","SP,RP","38.6","37","0","0","2","4.10","1.36","18","39","14","4","32","2","2","0%"
"Wilmer Font","TB","SP,RP","47.9","47","0","0","2","4.78","1.36","25","49","17","9","35","2","3","0%"
"Adam Plutko","CLE","SP,RP","56.6","47","0","0","2","4.95","1.34","31","58","18","10","28","3","3","0%"
"Taylor Cole","LAA","RP","48.4","48","0","0","2","4.41","1.40","24","47","21","7","40","2","3","0%"
"Trey Supak","MIL","SP,RP","55.7","48","0","0","2","4.48","1.45","28","56","25","9","23","3","3","0%"
"Stephen Tarpley","NYY","RP","32.3","30","0","0","2","3.89","1.43","14","30","16","3","29","2","2","0%"
"Hector Santiago","NYM","SP,RP","59.6","57","0","0","2","4.71","1.46","31","56","31","10","25","3","4","0%"
"Carson Smith","BOS","RP","15.8","18","1","0","2","3.44","1.27","6","14","6","2","19","1","1","0%"
"Cody Anderson","CLE","SP,RP","39.3","32","0","0","2","4.51","1.35","20","41","12","6","20","2","2","0%"
"Santiago Casilla","","RP","36.7","32","1","0","2","4.31","1.41","18","34","18","5","33","2","2","0%"
"Randall Delgado","CWS","RP","44.3","38","0","0","2","4.48","1.38","22","44","17","7","44","2","2","0%"
"Nick Rumbelow","SEA","RP","36.9","36","0","0","2","4.48","1.30","18","35","13","4","24","1","1","0%"
"Joaquin Benoit","","RP","37.7","34","0","0","2","4.47","1.38","19","35","17","6","38","2","2","0%"
"Ricardo Rodriguez","TEX","RP","35.6","30","0","0","2","4.52","1.35","18","38","11","6","27","2","2","0%"
"Chandler Shepherd","BOS","RP","47.1","34","0","0","2","4.61","1.37","24","52","13","8","22","3","3","0%"
"Erik Goeddel","","RP","38.3","42","0","0","2","4.62","1.41","20","35","19","7","39","2","2","0%"
"Carlos Estevez","COL","RP","28.3","29","0","0","2","4.39","1.39","14","27","12","4","29","2","2","0%"
"Jaime Schultz","LAD","RP","31.6","38","1","0","2","4.74","1.44","17","27","19","6","20","2","2","0%"
"Peter Moylan","","RP","36.6","29","0","0","2","4.33","1.46","18","37","16","5","40","2","2","0%"
"Gerson Bautista","SEA","RP","34.8","37","0","0","2","4.51","1.49","17","33","18","4","33","2","2","0%"
"Marcus Walden","BOS","SP,RP","40.9","32","0","0","2","4.31","1.45","20","43","16","4","33","2","2","0%"
"Robby Scott","ARI","RP","23.8","24","0","0","2","4.15","1.36","11","22","11","4","28","1","1","0%"
"Brady Rodgers","HOU","SP,RP","34.3","24","0","0","2","4.75","1.38","18","38","10","5","11","2","2","0%"
"James Norwood","CHC","RP","32.8","32","0","0","2","4.38","1.49","16","31","18","4","30","2","2","0%"
"Trevor Gott","SF","RP","29.0","26","0","0","2","4.22","1.43","14","29","12","2","32","1","2","0%"
"Sal Romano","CIN","SP,RP","50.0","39","0","0","2","4.84","1.43","27","54","18","9","29","2","3","0%"
"Tyler Kinley","MIA","RP","44.8","50","0","0","2","4.96","1.47","25","41","25","5","45","1","2","0%"
"A.J. Cole","CLE","RP","51.3","48","0","0","2","4.96","1.47","28","54","21","9","24","3","3","0%"
"Sam Coonrod","SF","SP,RP","43.3","37","0","0","2","4.64","1.50","22","44","21","7","19","2","3","0%"
"Evan Phillips","BAL","RP","38.6","40","0","0","2","4.77","1.48","20","36","21","6","35","2","3","0%"
"Josh Taylor","BOS","RP","30.9","26","0","0","2","4.53","1.50","16","32","15","4","30","2","2","0%"
"Johnny Barbato","","RP","36.5","30","0","0","2","4.68","1.48","19","38","17","6","32","2","2","0%"
"Zac Reininger","DET","RP","39.4","31","0","0","2","4.98","1.47","22","43","15","6","36","2","2","0%"
"Warwick Saupold","","RP","57.5","37","0","0","2","4.76","1.51","30","64","23","10","33","3","3","0%"
"Glenn Sparkman","KC","SP,RP","46.5","31","0","0","2","4.99","1.50","26","57","13","7","26","2","3","0%"
"Miguel Almonte","LAA","SP,RP","40.1","35","0","0","2","4.98","1.52","22","41","20","9","28","2","3","0%"
"Bruce Rondon","","RP","29.6","36","0","0","2","5.10","1.62","17","27","21","3","35","2","2","0%"
"Hunter Harvey","BAL","SP,RP","32.2","25","0","0","2","5.21","1.44","19","35","12","5","18","1","2","0%"
"Ben Heller","NYY","RP","21.2","24","0","0","2","5.29","1.64","12","25","10","4","27","2","1","0%"
"Matt Moore","DET","SP,RP","105.0","86","0","0","2","5.24","1.50","61","119","39","17","24","5","8","0%"
"Merandy Gonzalez","SF","SP,RP","47.1","33","0","0","2","4.81","1.56","25","52","22","7","19","2","3","0%"
"Blaine Boyer","","RP","33.0","22","0","0","2","5.07","1.54","19","37","14","5","30","2","2","0%"
"Tim Collins","MIN","RP","25.8","24","0","0","2","4.99","1.58","14","25","16","5","38","1","2","0%"
"James Bourque","WSH","RP","47.0","42","0","0","2","5.41","1.59","28","50","25","13","28","3","3","0%"
"Eduardo Jimenez","DET","RP","32.2","22","0","0","2","5.16","1.60","18","35","17","4","28","2","2","0%"
"Jeff Beliveau","CLE","RP","23.9","24","0","0","2","5.12","1.61","14","23","16","6","27","1","1","0%"
"Rayan Gonzalez","COL","RP","21.4","18","0","0","2","5.33","1.61","13","23","12","3","22","1","1","0%"
"Julian Fernandez","MIA","RP","20.5","16","0","0","2","5.05","1.66","12","21","13","3","22","1","1","0%"
"Vance Worley","","SP,RP","52.7","31","0","0","2","5.41","1.57","32","62","21","13","25","3","4","0%"
"Jared Miller","ARI","SP,RP","39.7","46","0","0","2","5.23","1.81","23","36","36","7","36","2","2","0%"
"Jesus Liranzo","PIT","RP","32.7","35","0","0","2","5.75","1.72","21","32","24","8","28","1","2","0%"
"Elieser Hernandez","MIA","SP,RP","51.4","39","0","0","2","5.88","1.61","34","61","21","11","36","2","4","0%"
"Sandy Baez","DET","RP","42.2","30","0","0","2","6.00","1.60","28","47","20","10","27","1","3","0%"
"Jesus Castillo","LAA","RP","50.3","31","0","0","2","4.99","1.45","28","57","17","11","24","3","4",""
"Corbin Martin","HOU","SP,RP","66.6","53","0","0","2","4.78","1.41","35","70","24","18","22","4","4",""
"Gregory Soto","DET","SP,RP","53.6","41","0","0","2","5.34","1.80","32","55","42","6","22","3","4",""
"Kodi Medeiros","CWS","SP,RP","46.9","40","0","0","2","4.87","1.60","25","48","27","7","18","2","3",""
"Brad Boxberger","KC","RP","55.1","67","22","9","3","4.35","1.41","27","48","30","8","58","3","3","27%"
"Mike Montgomery","CHC","SP,RP","78.8","61","0","0","3","3.92","1.34","34","77","28","8","56","4","4","1%"
"Junior Guerra","MIL","SP,RP","69.8","67","0","0","3","4.19","1.34","32","64","29","11","47","3","4","1%"
"David Paulino","TOR","SP,RP","48.4","50","0","0","3","4.27","1.32","23","49","15","6","40","3","2","0%"
"Max Fried","ATL","SP,RP","48.8","51","0","0","3","3.98","1.44","22","45","26","6","25","3","3","1%"
"Austin Gomber","STL","SP,RP","55.4","49","0","0","3","4.33","1.43","27","57","22","7","17","4","4","1%"
"Matt Bush","TEX","RP","39.4","39","0","0","3","4.00","1.37","18","38","16","5","39","3","2","0%"
"Matt Wisler","CIN","SP,RP","55.3","46","0","0","3","4.52","1.28","28","56","15","9","33","3","3","0%"
"Cionel Perez","HOU","RP","44.4","45","0","0","3","4.23","1.43","21","44","20","6","36","3","2","0%"
"Gabriel Moya","MIN","RP","44.2","42","0","0","3","4.50","1.36","22","44","16","7","49","2","2","0%"
"Zach McAllister","TEX","RP","41.8","40","1","0","3","4.43","1.34","21","43","13","6","34","2","2","0%"
"Bobby Wahl","MIL","RP","26.4","36","0","0","3","3.97","1.37","12","21","15","4","28","2","2","0%"
"Grant Dayton","ATL","RP","24.3","28","0","0","3","3.81","1.23","10","21","9","3","25","2","1","0%"
"Luke Jackson","ATL","RP","35.2","36","0","0","3","3.96","1.44","15","33","18","3","29","2","1","0%"
"Paul Sewald","NYM","RP","41.2","42","1","0","3","4.67","1.36","21","41","15","6","33","2","3","0%"
"Jorge De La Rosa","","RP","46.9","40","0","0","3","4.35","1.44","23","46","22","6","46","2","2","0%"
"Yimi Garcia","LAD","RP","22.1","20","0","0","3","4.69","1.27","12","23","5","4","24","1","1","0%"
"Chad Bettis","COL","SP,RP","64.9","46","0","0","3","4.96","1.43","36","70","23","10","41","3","3","0%"
"John Axford","TOR","RP","28.6","28","0","0","3","4.42","1.46","14","29","13","3","26","1","2","0%"
"Brett Cecil","STL","RP","41.2","34","0","0","3","4.71","1.49","22","43","18","5","45","2","2","0%"
"Cody Carroll","BAL","RP","39.6","40","0","0","3","5.24","1.55","23","38","23","5","33","1","2","0%"
"Jose Fernandez","DET","RP","30.3","25","0","0","3","5.12","1.59","17","30","18","4","31","1","2","0%"
"Walker Lockett","NYM","SP,RP","54.8","43","0","0","3","4.33","1.34","26","57","16","9","21","3","3",""
"Brad Peacock","HOU","RP,SP","96.1","118","1","0","4","3.69","1.25","39","84","36","13","48","6","4","15%"
"Brandon Morrow","CHC","RP","44.7","47","22","4","4","3.25","1.21","16","40","14","5","46","2","2","48%"
"Blaine Hardy","DET","SP,RP","56.8","47","0","0","4","3.83","1.25","24","55","16","8","39","3","2","0%"
"Jimmie Sherfy","ARI","RP","43.6","50","1","0","4","3.52","1.30","17","36","21","5","44","3","2","0%"
"Dan Otero","CLE","RP","52.6","39","1","0","4","3.92","1.23","23","56","8","6","51","3","2","0%"
"Noe Ramirez","LAA","RP","49.0","55","1","0","4","4.15","1.28","23","44","19","7","43","3","3","0%"
"Josh Fields","","RP","40.9","40","0","0","4","3.74","1.18","17","36","13","6","43","2","2","1%"
"Ray Black","SF","RP","36.7","54","1","0","4","4.06","1.22","17","26","19","4","42","3","2","0%"
"J.B. Wendelken","OAK","RP","42.0","45","0","0","4","3.74","1.29","17","37","17","5","42","2","2","0%"
"Trent Thornton","TOR","RP","53.4","46","0","0","4","4.46","1.30","26","57","13","9","28","3","3","0%"
"Hector Velazquez","BOS","SP,RP","63.9","45","0","0","4","4.31","1.40","31","69","20","9","42","4","3","1%"
"J.T. Chargois","LAD","RP","28.1","30","0","0","4","3.63","1.35","11","25","13","3","33","2","1","0%"
"Ruben Alaniz","SEA","RP","42.8","43","0","0","4","4.12","1.39","20","41","19","5","45","2","2","0%"
"Daniel Hudson","LAA","RP","34.5","34","0","0","4","4.10","1.36","16","32","15","4","30","2","2","0%"
"Nick Wittgren","CLE","RP","31.8","30","1","0","4","4.18","1.35","15","32","11","5","31","2","2","0%"
"Matt Festa","SEA","RP","37.9","36","0","0","4","4.07","1.40","17","41","13","5","36","2","2","0%"
"Sam Tuivailala","SEA","RP","28.6","26","0","0","4","3.98","1.37","13","28","11","3","27","2","1","0%"
"Riley Ferrell","MIA","RP","46.9","48","0","0","4","4.24","1.45","22","44","24","5","43","2","2","0%"
"T.J. McFarland","ARI","RP","48.7","29","1","0","4","3.97","1.44","22","53","17","4","41","3","2","0%"
"Jason Adam","","SP,RP","38.6","42","0","0","4","4.90","1.39","21","35","19","6","35","2","2","0%"
"Mike Wright Jr.","BAL","RP","65.6","57","0","0","4","4.91","1.46","36","71","25","9","40","2","4","0%"
"Jordan Romano","TEX","RP","59.6","49","0","0","4","5.13","1.47","34","61","26","10","34","3","4","0%"
"Dovydas Neverauskas","PIT","RP","34.5","35","0","0","4","4.86","1.46","19","33","18","5","32","1","2","0%"
"Thyago Vieira","CWS","RP","32.1","30","0","0","4","5.32","1.55","19","32","17","4","28","2","2","0%"
"Neftali Feliz","","SP,RP","56.6","50","0","0","4","5.40","1.58","34","57","33","13","40","3","4","0%"
"Harrison Musgrave","COL","SP,RP","37.5","29","0","0","4","5.66","1.56","24","41","17","8","29","2","2","0%"
"Josh Osich","CWS","RP","24.8","20","0","0","4","5.71","1.67","16","29","12","4","28","1","1","0%"
"Ryan Cook","","RP","41.2","42","0","0","4","4.48","1.52","21","40","23","6","45","2","3",""
"Will Smith","SF","RP","59.0","76","24","7","5","2.96","1.14","19","47","21","5","61","3","3","75%"
"Matt Strahm","SD","SP,RP","89.4","101","1","0","5","3.68","1.26","37","80","33","10","54","5","5","22%"
"Ryne Stanek","TB","SP,RP","53.1","68","1","0","5","3.65","1.27","22","43","24","6","51","3","2","2%"
"Ryan Madson","","RP","50.1","50","2","0","5","3.52","1.19","20","45","14","5","50","3","3","0%"
"Jonathan Holder","NYY","RP","55.0","55","1","0","5","3.66","1.22","22","51","16","7","53","3","2","1%"
"Jordan Lyles","PIT","SP,RP","92.4","79","0","0","5","4.36","1.36","45","95","31","11","39","4","6","0%"
"Victor Arano","PHI","RP","39.6","41","0","0","5","3.74","1.27","16","37","13","7","42","2","2","1%"
"Ryan Dull","OAK","RP","36.5","37","1","0","5","4.13","1.22","17","33","12","5","38","2","1","0%"
"Chasen Shreve","STL","RP","40.3","48","1","0","5","4.10","1.39","18","36","20","6","41","2","2","0%"
"Nick Goody","CLE","RP","33.3","39","0","0","5","4.20","1.27","16","30","12","6","33","2","1","0%"
"Steven Wright","BOS","SP,RP","55.2","43","0","0","5","4.33","1.38","27","55","21","9","37","3","3","1%"
"Hunter Wood","TB","RP","38.6","40","0","0","5","4.09","1.38","18","38","16","6","32","2","2","0%"
"Dan Altavilla","SEA","RP","33.6","38","1","0","5","4.06","1.40","15","29","18","4","30","2","2","0%"
"Tyler Duffey","MIN","RP","33.9","30","0","0","5","4.52","1.32","17","35","10","5","30","2","2","0%"
"Victor Alcantara","DET","RP","49.0","37","0","0","5","4.23","1.40","23","50","19","5","46","2","3","0%"
"Joe Biagini","TOR","SP,RP","61.2","48","0","0","5","4.77","1.43","32","67","20","9","52","3","4","0%"
"Xavier Cedeno","CHC","RP","22.2","21","0","0","5","3.63","1.37","9","21","10","2","33","1","1","0%"
"Jarlin Garcia","MIA","SP,RP","64.9","45","0","0","5","4.91","1.41","35","67","24","10","51","3","4","0%"
"Drew Rucinski","","RP","37.3","27","0","0","5","4.50","1.38","19","39","12","4","28","2","2","0%"
"Mike Mayers","STL","RP","28.4","26","0","0","5","4.50","1.41","14","30","10","4","31","1","1","0%"
"Reymin Guduan","HOU","RP","31.0","35","0","0","5","4.73","1.56","16","29","19","4","30","1","2","0%"
"Williams Jerez","LAA","RP","31.8","31","0","0","5","4.62","1.47","16","32","15","5","33","1","1","0%"
"Brian Duensing","CHC","RP","36.3","28","0","0","5","4.80","1.50","19","37","18","5","44","2","1","0%"
"Matt Magill","MIN","RP","47.5","45","0","0","5","5.04","1.54","27","51","22","8","41","2","3","0%"
"Yency Almonte","COL","RP","34.1","27","0","0","5","5.34","1.56","20","38","15","6","17","2","2","0%"
"Arodys Vizcaino","ATL","RP","59.2","65","26","5","6","3.52","1.25","23","50","24","6","60","3","3","72%"
"John Brebbia","STL","RP","55.2","62","1","0","6","3.59","1.18","22","49","16","8","52","3","2","1%"
"Hunter Strickland","SEA","RP","51.4","47","19","9","6","4.03","1.38","23","49","22","6","51","3","3","21%"
"Emilio Pagan","TB","RP","52.2","57","1","0","6","4.04","1.22","23","47","17","8","43","3","2","0%"
"Tony Cingrani","LAD","RP","36.4","45","1","0","6","3.80","1.25","15","31","14","5","39","2","1","0%"
"Tommy Kahnle","NYY","RP","42.1","54","1","0","6","4.00","1.38","19","37","21","5","45","2","2","0%"
"Luis Avilan","NYM","RP","32.2","36","1","0","6","3.31","1.29","12","27","14","3","39","1","1","0%"
"Dakota Hudson","STL","RP","74.4","56","0","0","6","4.13","1.49","34","77","34","6","53","5","4","3%"
"Luke Gregerson","STL","RP","40.9","42","1","0","6","4.21","1.31","19","40","14","5","47","2","2","0%"
"Joe Smith","HOU","RP","28.8","28","0","0","6","3.78","1.26","12","28","8","5","37","2","2","1%"
"Dominic Leone","STL","RP","40.3","43","0","0","6","4.06","1.35","18","39","15","6","43","2","2","0%"
"Brandon Workman","BOS","RP","41.1","39","0","0","6","4.32","1.35","20","40","15","6","41","3","2","0%"
"Steven Brault","PIT","SP,RP","62.3","56","0","0","6","4.23","1.48","29","60","32","7","39","3","4","0%"
"Danny Barnes","TOR","RP","41.9","41","0","0","6","4.28","1.32","20","39","16","7","41","2","3","0%"
"Aaron Bummer","CWS","RP","39.1","37","0","0","6","3.89","1.43","17","38","17","5","45","2","2","0%"
"Dan Jennings","","RP","35.3","26","0","0","6","3.92","1.38","15","35","14","3","33","2","2","0%"
"Matt Bowman","CIN","RP","27.5","27","0","0","6","4.27","1.38","13","27","11","3","29","1","1","0%"
"Randy Rosario","CHC","RP","43.3","30","1","0","6","4.60","1.56","22","47","21","5","42","2","2","0%"
"David Robertson","PHI","RP","65.7","89","23","10","7","3.03","1.10","22","47","25","7","65","4","3","83%"
"Drew Steckenrider","MIA","RP","63.5","77","19","6","7","3.56","1.29","25","54","28","7","67","3","3","18%"
"Alex Wilson","DET","RP","40.9","29","1","0","7","3.66","1.14","17","36","10","5","35","2","2","0%"
"Greg Holland","ARI","RP","52.4","56","9","1","7","4.26","1.47","25","47","30","6","58","2","3","4%"
"Fernando Rodney","OAK","RP","50.6","54","2","1","7","3.79","1.37","21","45","25","5","50","3","2","5%"
"Dylan Floro","LAD","SP,RP","56.3","47","0","0","7","3.79","1.38","24","60","18","6","49","3","3","0%"
"Matt Grace","WSH","RP","51.3","41","1","0","7","3.73","1.32","21","52","15","5","50","2","2","0%"
"Bud Norris","TOR","RP","48.5","55","1","0","7","4.09","1.34","22","45","19","7","50","2","3","4%"
"Trey Wingenter","SD","RP","49.7","64","1","0","7","4.10","1.37","23","40","28","6","53","2","2","0%"
"Jacob Barnes","MIL","RP","45.0","46","1","0","7","3.72","1.36","19","41","20","4","43","2","2","0%"
"Robert Stock","SD","SP,RP","51.9","51","0","0","7","3.59","1.40","21","51","21","6","48","2","3","0%"
"Tim Mayza","TOR","RP","51.3","59","0","0","7","4.18","1.43","24","50","23","6","52","3","2","0%"
"Tyler Olson","CLE","RP","34.9","42","1","0","7","3.94","1.34","15","33","14","5","47","2","2","0%"
"David Phelps","TOR","SP,RP","40.3","43","0","0","7","3.94","1.37","18","38","17","5","37","2","2","0%"
"Drew VerHagen","DET","RP","54.5","50","0","0","7","4.45","1.33","27","53","20","6","43","3","2","0%"
"Bobby Poyner","BOS","RP","41.2","39","1","0","7","4.19","1.29","19","42","11","6","41","2","1","0%"
"Tanner Scott","BAL","SP,RP","51.0","69","1","0","7","4.17","1.51","24","46","31","4","53","2","3","0%"
"Chasen Bradford","SEA","RP","49.0","36","1","0","7","4.48","1.39","24","54","14","6","45","3","2","0%"
"Aaron Loup","SD","RP","32.6","36","0","0","7","3.66","1.39","13","32","13","3","35","1","1","0%"
"Taylor Williams","MIL","RP","46.0","50","1","0","7","4.23","1.47","22","46","22","6","49","2","2","0%"
"Buck Farmer","DET","RP","60.6","55","0","0","7","4.67","1.46","31","61","27","9","59","3","4","0%"
"Brian Flynn","KC","RP","60.1","43","1","0","7","4.41","1.52","29","65","26","5","41","2","4","0%"
"Fernando Romero","MIN","SP,RP","67.4","54","1","0","7","4.35","1.40","33","70","24","9","39","3","4",""
"Jose Alvarado","TB","RP","60.0","74","27","10","8","2.94","1.24","20","45","29","4","66","3","3","72%"
"Trevor May","MIN","SP,RP","59.6","73","16","4","8","3.85","1.24","26","55","19","7","59","3","3","39%"
"Tyler Clippard","CLE","RP","40.5","48","3","1","8","4.16","1.25","19","34","16","9","51","2","2","1%"
"Cory Gearrin","SEA","RP","51.6","50","1","0","8","3.89","1.32","22","47","21","6","53","2","2","0%"
"Shawn Kelley","TEX","RP","44.4","46","1","0","8","4.30","1.20","21","40","13","8","46","2","2","1%"
"Zach Duke","CIN","RP","39.9","39","0","0","8","3.86","1.41","17","39","17","4","50","2","2","0%"
"Matt Albers","MIL","RP","46.7","43","0","0","8","4.39","1.34","23","47","15","8","54","3","2","0%"
"Louis Coleman","DET","RP","51.1","44","1","0","8","4.11","1.39","23","46","25","6","53","2","3","0%"
"Sam Freeman","ATL","RP","41.1","45","1","0","8","3.85","1.47","18","36","25","4","43","2","2","0%"
"Jerry Blevins","OAK","RP","30.4","32","0","0","8","4.17","1.37","14","27","14","4","38","2","2","0%"
"Chris Rusin","COL","RP","52.1","43","0","0","8","4.40","1.39","25","54","19","6","45","2","3","0%"
"Tyler Thornburg","BOS","RP","49.0","48","2","0","8","4.93","1.44","27","49","21","8","51","3","2","0%"
"Wandy Peralta","CIN","RP","40.2","32","0","0","8","4.53","1.56","20","41","22","4","44","1","2","0%"
"Mike Dunn","COL","RP","37.6","37","0","0","8","5.60","1.64","23","39","23","7","45","2","2","0%"
"Archie Bradley","ARI","RP","66.1","72","21","8","9","3.52","1.24","26","59","23","7","70","3","3","70%"
"Sergio Romo","MIA","SP,RP","59.9","65","7","1","9","3.90","1.23","26","55","19","8","63","3","3","14%"
"Phil Maton","SD","RP","52.5","59","1","0","9","4.06","1.38","24","51","22","7","51","2","2","0%"
"Drew Smith","NYM","RP","45.4","37","0","0","9","3.98","1.37","20","45","17","5","46","3","3","0%"
"Koda Glover","WSH","RP","35.7","31","1","0","9","4.21","1.39","17","35","15","5","43","2","2","0%"
"Shane Carle","ATL","RP","41.9","31","0","0","9","4.20","1.38","20","41","17","5","38","2","2","0%"
"Miguel Castro","BAL","RP","71.2","49","1","1","9","4.61","1.49","36","69","37","8","55","3","4","0%"
"Sammy Solis","SD","RP","32.1","34","0","0","9","5.12","1.56","18","35","15","5","43","1","2","0%"
"Corey Knebel","MIL","RP","62.5","95","23","5","10","2.93","1.15","20","44","28","6","63","3","3","82%"
"Anthony Swarzak","SEA","RP","56.3","62","11","1","10","4.02","1.29","25","53","20","8","57","2","3","1%"
"Hector Neris","PHI","RP","54.4","75","1","0","10","3.75","1.23","23","47","20","8","54","3","3","2%"
"Shawn Armstrong","SEA","RP","49.8","56","2","0","10","3.68","1.32","20","43","23","6","55","2","2","0%"
"Jesse Biddle","ATL","RP","52.3","55","0","0","10","3.74","1.37","22","47","25","5","48","3","3","1%"
"Oliver Perez","CLE","RP","31.6","40","0","0","10","3.40","1.20","12","27","11","4","41","2","1","1%"
"Jose Alvarez","PHI","RP","44.6","44","0","0","10","3.82","1.31","19","44","15","5","51","2","2","1%"
"Edubray Ramos","PHI","RP","32.1","34","1","0","10","3.59","1.27","13","29","12","4","35","2","2","0%"
"Hansel Robles","LAA","RP","57.4","60","1","0","10","4.34","1.39","28","53","27","8","53","3","3","0%"
"Michael Feliz","PIT","RP","44.0","53","1","0","10","4.31","1.37","21","41","19","6","42","2","2","0%"
"Daniel Stumpf","DET","RP","42.0","41","0","0","10","4.44","1.42","21","43","16","6","54","2","2","0%"
"Matt Barnes","BOS","RP","62.2","85","16","8","11","3.43","1.27","24","50","29","6","64","4","3","47%"
"Caleb Ferguson","LAD","SP,RP","70.1","77","1","0","11","3.49","1.24","27","62","25","8","44","5","4","1%"
"Jordan Hicks","STL","RP","66.9","64","20","7","11","3.67","1.40","27","57","37","4","66","3","3","59%"
"Blake Parker","MIN","RP","61.5","67","14","2","11","3.86","1.22","26","56","20","9","63","3","3","7%"
"Trevor Rosenthal","WSH","RP","54.1","77","5","1","11","3.25","1.29","20","45","25","5","56","4","3","3%"
"Kelvin Herrera","CWS","RP","58.5","57","14","3","11","3.78","1.24","25","56","17","8","61","3","3","28%"
"Reyes Moronta","SF","RP","52.7","66","1","0","11","3.33","1.29","20","38","30","5","57","3","3","1%"
"Darren O'Day","ATL","RP","46.8","58","1","0","11","3.52","1.15","18","38","16","6","49","2","2","0%"
"Juan Nicasio","PHI","RP","47.7","56","1","0","11","3.92","1.23","21","46","13","6","45","2","3","0%"
"Michael Lorenzen","CIN","RP","74.6","59","1","0","11","4.08","1.40","34","74","30","8","55","3","4","1%"
"Chris Martin","TEX","RP","49.4","46","2","1","11","4.16","1.28","23","53","11","6","50","2","3","0%"
"Adam Morgan","PHI","RP","44.7","47","1","0","11","4.23","1.38","21","45","17","6","48","2","2","0%"
"Adam Kolarek","TB","RP","41.4","32","1","0","11","3.91","1.42","18","44","15","3","46","2","2","0%"
"Juan Minaya","CWS","RP","50.2","59","1","0","11","4.26","1.46","24","47","27","6","51","2","3","0%"
"Jonny Venters","ATL","SP,RP","38.5","33","0","0","11","3.96","1.43","17","36","19","3","51","2","2","0%"
"Tayron Guerrero","MIA","RP","59.1","66","2","1","11","4.52","1.51","30","57","32","7","57","2","3","0%"
"Alex Colome","CWS","RP","62.8","64","13","4","12","3.50","1.23","24","57","20","7","62","3","3","45%"
"Nate Jones","CWS","RP","50.3","56","7","1","12","3.76","1.31","21","45","21","6","50","3","3","1%"
"Pat Neshek","PHI","RP","48.6","45","1","0","12","3.49","1.14","19","45","10","8","56","3","2","3%"
"Alex Claudio","MIL","RP","59.6","41","1","0","12","3.45","1.28","23","63","13","4","53","3","3","0%"
"Jake Diekman","KC","RP","48.6","58","2","0","12","3.78","1.39","20","41","26","4","55","2","2","0%"
"Paul Fry","BAL","RP","58.2","60","1","0","12","3.94","1.41","25","55","27","6","58","2","3","0%"
"Luis Garcia","LAA","RP","42.1","42","1","0","12","3.90","1.36","18","40","17","4","48","2","2","0%"
"Jake McGee","COL","RP","47.1","45","1","0","12","4.66","1.35","24","48","15","8","52","2","2","0%"
"Connor Sadzeck","TEX","RP","45.5","44","1","0","12","4.37","1.58","22","44","28","6","57","2","2","0%"
"Andrew Miller","STL","RP","58.5","78","15","3","13","3.02","1.15","20","46","21","5","58","3","2","75%"
"Diego Castillo","TB","RP","61.0","71","2","0","13","3.26","1.13","22","48","21","6","55","3","3","3%"
"Yusmeiro Petit","OAK","RP","74.7","67","1","0","13","3.81","1.15","32","69","17","11","61","4","4","2%"
"Justin Wilson","NYM","RP","47.4","62","1","0","13","3.39","1.32","18","37","25","5","53","3","3","1%"
"Mark Melancon","SF","RP","54.1","46","7","2","13","3.50","1.33","21","56","16","4","55","2","3","4%"
"Scott Oberg","COL","RP","58.0","57","1","0","13","3.81","1.32","25","57","19","6","60","3","3","1%"
"Jose Castillo","SD","RP","40.2","51","1","0","13","3.47","1.21","16","33","16","4","44","2","2","1%"
"Justin Miller","WSH","RP","52.0","58","1","0","13","4.13","1.27","24","48","18","8","53","3","3","1%"
"Cam Bedrosian","LAA","RP","54.6","54","1","0","13","3.87","1.35","24","52","22","6","59","3","3","0%"
"Richard Bleier","BAL","RP","59.6","31","1","0","13","3.70","1.35","25","68","13","5","56","3","3","0%"
"James Pazos","PHI","RP","40.9","41","0","0","13","3.65","1.31","17","37","16","5","46","2","2","0%"
"Neil Ramirez","CLE","RP","48.4","61","1","0","13","4.71","1.36","25","43","23","9","51","2","2","0%"
"Bryan Shaw","COL","RP","54.6","52","1","0","13","4.53","1.46","27","57","23","7","56","3","3","0%"
"Chad Green","NYY","RP","69.1","88","1","0","14","3.04","1.09","23","56","19","8","61","4","3","24%"
"Jesse Chavez","TEX","RP","86.7","81","2","0","14","4.11","1.26","40","86","24","13","67","4","4","2%"
"Hector Rondon","HOU","RP","57.2","65","2","1","14","3.53","1.24","22","52","18","7","59","3","3","2%"
"David Hernandez","CIN","RP","62.4","64","1","0","14","3.65","1.20","25","56","19","8","60","3","3","1%"
"Pedro Baez","LAD","RP","56.3","62","1","0","14","3.58","1.25","22","48","22","7","56","3","3","1%"
"Robert Gsellman","NYM","RP","69.8","59","1","0","14","4.01","1.31","31","68","24","7","60","4","4","1%"
"Sam Dyson","SF","RP","62.1","49","2","1","14","3.71","1.31","26","59","22","5","62","3","4","1%"
"Addison Reed","MIN","RP","60.5","53","2","1","14","4.25","1.28","29","62","16","9","61","3","3","1%"
"Kyle Barraclough","WSH","RP","56.4","64","3","1","14","3.96","1.40","25","46","33","6","59","3","3","1%"
"Andrew Chafin","ARI","RP","47.1","53","1","0","14","3.46","1.36","18","42","22","4","60","2","2","0%"
"Adam Conley","MIA","RP","63.7","56","4","1","14","4.28","1.35","30","60","26","7","62","3","4","1%"
"Tim Hill","KC","RP","47.5","44","2","0","14","4.07","1.36","21","47","17","5","59","2","2","0%"
"Brandon Kintzler","CHC","RP","48.4","33","1","0","14","4.06","1.36","22","51","15","5","50","2","2","1%"
"Seranthony Dominguez","PHI","SP,RP","66.3","84","11","1","15","3.18","1.15","23","48","28","6","64","4","3","40%"
"Ryan Brasier","BOS","RP","59.2","56","17","4","15","3.52","1.18","23","53","17","8","62","3","3","20%"
"Trevor Hildenberger","MIN","RP","60.7","59","4","2","15","4.04","1.28","27","59","18","7","59","3","3","1%"
"Jace Fry","CWS","RP","52.4","66","2","1","15","3.90","1.29","23","45","23","5","60","2","2","1%"
"Adam Cimber","CLE","RP","60.9","49","1","0","15","3.91","1.29","26","63","16","8","64","3","4","1%"
"Brad Brach","CHC","RP","53.1","54","2","1","15","3.83","1.37","23","50","23","6","57","3","3","2%"
"Wily Peralta","KC","RP","60.6","56","10","1","15","4.73","1.52","32","62","30","8","54","2","3","8%"
"Seth Lugo","NYM","SP,RP","82.1","80","1","0","16","3.60","1.19","33","75","23","11","55","4","4","8%"
"Pedro Strop","CHC","RP","59.9","62","11","4","16","3.22","1.20","21","48","23","6","63","3","3","53%"
"A.J. Minter","ATL","RP","59.1","69","9","2","16","3.35","1.25","22","52","22","6","64","3","3","48%"
"Jeremy Jeffress","MIL","RP","62.6","66","6","1","16","3.22","1.27","22","55","24","6","64","4","3","35%"
"Chris Devenski","HOU","RP","58.5","66","1","0","16","3.55","1.11","23","48","17","8","54","4","3","3%"
"Will Harris","HOU","RP","56.5","62","1","0","16","3.35","1.15","21","50","15","6","61","3","2","1%"
"Seunghwan Oh","COL","RP","61.7","67","3","0","16","3.95","1.22","27","58","17","10","64","3","3","3%"
"Ty Buttrey","LAA","RP","59.8","66","5","1","16","3.73","1.32","25","54","24","6","59","3","3","2%"
"Jared Hughes","CIN","RP","66.6","52","2","0","16","3.54","1.30","26","63","24","6","66","3","3","2%"
"Ryan Buchter","OAK","RP","46.1","49","1","0","16","3.64","1.24","19","37","20","6","54","3","2","1%"
"Heath Hembree","BOS","RP","57.3","66","1","0","16","4.07","1.34","26","55","23","8","59","3","3","1%"
"Craig Stammen","SD","RP","75.4","79","2","0","17","3.38","1.20","28","68","22","8","69","4","4","3%"
"Taylor Rogers","MIN","RP","60.1","64","2","0","17","3.28","1.19","22","54","18","6","64","3","2","3%"
"Joakim Soria","OAK","RP","59.2","67","4","1","17","3.42","1.21","22","52","19","5","63","3","3","3%"
"Ryan Tepera","TOR","RP","64.5","69","4","1","17","3.96","1.29","28","57","26","8","65","3","3","1%"
"Scott Alexander","LAD","RP","55.9","50","1","0","17","3.34","1.32","21","51","23","4","55","3","2","1%"
"Dan Winkler","ATL","RP","50.6","58","0","0","17","3.71","1.26","21","46","18","5","54","2","2","1%"
"Kyle Crick","PIT","RP","53.3","56","1","0","17","3.70","1.38","22","46","27","5","57","3","2","1%"
"Kevin McCarthy","KC","RP","62.6","42","2","0","17","4.10","1.40","29","67","20","6","55","3","3","0%"
"Justin Anderson","LAA","RP","56.5","63","1","1","17","4.13","1.50","26","50","35","6","57","3","3","0%"
"Josh Hader","MIL","RP","75.7","123","10","2","18","2.65","1.04","22","46","32","9","68","4","3","89%"
"Ryan Pressly","HOU","RP","64.9","82","2","0","18","3.20","1.16","23","54","21","7","68","3","3","7%"
"Keone Kela","PIT","RP","57.6","74","3","0","18","3.19","1.15","20","44","22","5","60","3","3","10%"
"Zack Britton","NYY","RP","56.4","52","3","1","18","3.10","1.29","19","49","24","4","58","3","2","26%"
"Tommy Hunter","PHI","RP","57.1","52","1","0","18","3.79","1.24","24","56","15","7","58","3","3","1%"
"Amir Garrett","CIN","RP","63.1","68","1","0","19","4.44","1.37","31","58","28","9","62","3","3","1%"
"Dellin Betances","NYY","RP","65.0","104","3","1","20","2.68","1.11","19","43","29","6","67","4","3","65%"
"Jeurys Familia","NYM","RP","63.6","71","4","1","20","3.25","1.25","23","53","26","4","65","4","4","30%"
"Lou Trivino","OAK","RP","67.9","73","2","0","20","3.43","1.27","26","57","29","6","67","4","3","5%"
"Steve Cishek","CHC","RP","56.4","61","2","0","20","3.26","1.19","20","45","22","6","61","3","2","7%"
"Carl Edwards Jr.","CHC","RP","55.8","74","2","0","20","3.37","1.31","21","39","34","5","61","3","3","6%"
"Joe Jimenez","DET","RP","61.4","73","4","0","20","3.94","1.26","27","55","23","7","67","3","3","6%"
"Chaz Roe","TB","RP","48.0","53","2","1","21","3.57","1.20","19","39","18","5","54","2","2","2%"
"Adam Ottavino","NYY","RP","65.2","89","3","1","22","3.41","1.22","25","47","32","8","66","4","3","27%"
"Joe Kelly","LAD","RP","61.4","65","2","1","22","3.52","1.31","24","53","27","5","65","3","3","3%"
"Yoshihisa Hirano","ARI","RP","60.1","55","4","1","22","3.65","1.26","24","54","22","7","63","3","3","6%"
"Tony Watson","SF","RP","61.7","61","2","0","24","3.25","1.17","22","56","17","6","66","3","3","5%"
""
""